Workbook

Sheet Information
B3: Supplementary Data 1 | C3: SDT1 | D3: Information on samples studied in this work
B4: Supplementary Data 2 | C4: SDT2 | D4: La Palma clinopyroxene EMPA data and thermobarometery results
B5: Supplementary Data 3 | C5: SDT3 | D5: Clinopyroxene EMPA secondary standards
B6: Supplementary Data 4 | C6: SDT4 | D6: Clinopyroxene LA-ICP-MS single spot data
B7: Supplementary Data 5 | C7: SDT5 | D7: Clinopyroxene LA-ICP-MS single spot (SS) and maps standards
B8: Supplementary Data 6 | C8: SDT6 | D8: Matrix LA-ICP-MS major and trace element data
B9: Supplementary Data 7 | C9: SDT7 | D9: Matrix major elements LA-ICP-MS secondary standards
B10: Supplementary Data 8 | C10: SDT8 | D10: Matrix trace elements LA-ICP-MS secondary standards
B11: Supplementary Data 9 | C11: SDT9 | D11: Clinopyroxene EMPA data from the literature included as comparison data in this work
B12: Supplementary Data 10 | C12: SDT10 | D12: Melt (WR, matrix, glass) major and trace element data from the literature included as comparison data in this work
B13: Supplementary Data 11 | C13: SDT11 | D13: Clinopyroxene major element composition from OIBs worldwide.

Sheet Supplementary Data 1_Samples
A1: Supplementary Data 1. Studied samples from the 2021 Tajogaite, 1971 Teneguía and 1712 El Charco eruptions at Cumbre Vieja rift, La Palma, Canary Islands.
C3: UTM coordinates (28R)
A4: Sample | B4: Eruption | C4: Longitude (E) | D4: Latitude (N) | E4: Type | F4: Vent | G4: Days since eruption onset | H4: Date of eruption | I4: Date of sampling | J4: Rock type | K4: Reference for other work on the same sample
A5: IGME01 | B5: Tajogaite 2021 | C5: 218780 | D5: 3168483 | E5: Lava | F5: MainCone | G5: 0 | H5: 44458 | I5: 44458 | J5: Amphyble-bearing Tephrite | K5: Ubide et al. (2023)
A6: TQ2 | B6: Tajogaite 2021 | C6: 216025 | D6: 3169188 | E6: Lava | F6: MainCone | G6: 1 | H6: 44459 | I6: 44461 | J6: Amphyble-bearing Tephrite | K6: Ubide et al. (2023)
A7: TQ4 | B7: Tajogaite 2021 | C7: 217356 | D7: 3169318 | E7: Lava | F7: MainCone | G7: 1 | H7: 44459 | I7: 44461 | J7: Amphyble-bearing Tephrite | K7: Ubide et al. (2023)
A8: TQ8 | B8: Tajogaite 2021 | C8: 218031 | D8: 3168137 | E8: Lava | F8: MainCone | G8: 3 | H8: 44461 | I8: 44463 | J8: Amphyble-bearing Tephrite | K8: Ubide et al. (2023)
A9: TQ68 | B9: Tajogaite 2021 | C9: 218195 | D9: 3167592 | E9: lapilli | F9: MainCone | G9: 4 | H9: 44462 | I9: 44462 | J9: Amphyble-bearing Tephrite | K9: Ubide et al. (2023)
A10: TQ9 | B10: Tajogaite 2021 | C10: 216915 | D10: 3169340 | E10: Lava | F10: MainCone | G10: 6 | H10: 44464 | I10: 44464 | J10: Amphyble-bearing Tephrite | K10: Ubide et al. (2023)
A11: TQ17 | B11: Tajogaite 2021 | C11: 214168 | D11: 3168056 | E11: Lava | F11: MainCone | G11: 13 | H11: 44471 | I11: 44475 | J11: Olivine-bearing Basanite | K11: Ubide et al. (2023)
A12: TQ14 | B12: Tajogaite 2021 | C12: 217930 | D12: 3169220 | E12: Lava | F12: MainCone | G12: 14 | H12: 44472 | I12: 44474 | J12: Olivine-bearing Basanite | K12: Ubide et al. (2023)
A13: TQ16 | B13: Tajogaite 2021 | C13: 214636 | D13: 3168720 | E13: Lava | F13: MainCone | G13: 15 | H13: 44473 | I13: 44474 | J13: Olivine-bearing Basanite | K13: Ubide et al. (2023); Jegal et al. (2025)
A14: TQ29 | B14: Tajogaite 2021 | C14: 214079 | D14: 3169744 | E14: Lava | F14: MainCone | G14: 21 | H14: 44479 | I14: 44481 | J14: Olivine-bearing Basanite | K14: Ubide et al. (2023)
A15: TQ33 | B15: Tajogaite 2021 | C15: 216137 | D15: 3170362 | E15: Lava | F15: MainCone | G15: 25 | H15: 44483 | I15: 44484 | J15: Olivine-bearing Basanite | K15: Ubide et al. (2023)
A16: TQ38 | B16: Tajogaite 2021 | C16: 219162 | D16: 3169461 | E16: Lava | F16: MainCone | G16: 34 | H16: 44492 | I16: 44493 | J16: Olivine-bearing Basanite | K16: Ubide et al. (2023)
... A37: TQ66 | B37: Tajogaite 2021 | C37: 220029 | D37: 3168387 | E37: lapilli | F37: MainCone | G37: 85 | H37: 44543 | I37: 44544 | J37: Olivine-bearing Basanite | K37: Ubide et al. (2023)
A38: 43440 | B38: Teneguía 1971 | C38: 221519 | D38: 3151793 | E38: lava | G38: 3 | H38: 26234 | J38: Amphyble-bearing Tephrite
A39: 43136 | B39: Teneguía 1971 | C39: 221626 | D39: 3151848 | E39: lava | G39: 8 | H39: 26239 | J39: Amphyble-bearing Tephrite
A40: 43149 | B40: Teneguía 1971 | C40: 220256 | D40: 3152903 | E40: lava | G40: 22 | H40: 26253 | J40: Olivine-bearing Basanite
A41: 43154 | B41: Teneguía 1971 | C41: 221714 | D41: 3152007 | E41: lava | G41: 24 | H41: 26255 | J41: Olivine-bearing Basanite
A42: 63660 | B42: El Charco 1712 | C42: 219600 | D42: 3161625 | E42: lava | J42: Amphyble-bearing Tephrite
A43: 63664A | B43: El Charco 1712 | C43: 220800 | D43: 3162850 | E43: lava | J43: Amphyble-bearing Tephrite
A44: 63664B | B44: El Charco 1712 | C44: 220800 | D44: 3162850 | E44: lava | J44: Amphyble-bearing Tephrite
A45: 63661 | B45: El Charco 1712 | C45: 221000 | D45: 3161650 | E45: lava | J45: Olivine-bearing Basanite
A46: 63663 | B46: El Charco 1712 | C46: 219150 | D46: 3163450 | E46: lava | J46: Olivine-bearing Basanite
A47: 63671 | B47: El Charco 1712 | C47: 221150 | D47: 3161750 | E47: lava | J47: Olivine-bearing Basanite
A49: Samples from the 2021 Tajogaite, 1971 Teneguía and 1712 El Charco eruptions are curated at Litoteca de Petrologia at UCM and are available for sharing and collaborations upon request to Dr. A. Márquez

Sheet Supplementary Data 2_Cpx Empa
A1: Supplementary Data 2. Clinopyroxene EMPA major element composition from this work and from Ubide et al. (2023). An Helper column is avaiable both here and in SDT4 to match EMPA with LA-ICP-MS data on the same spot.
AO2: Thermodynamic-based cpx-liquid barometers | BI2: Machine-learning based cpx-only barometer
A3: Helper columns | C3: General information | L3: Cpx EMPA Data | Z3: EMPA uncertanties | AO3: P-T Masotta et al. (2013) | AT3: P-T Mollo et al. (2018) | AY3: P Putirka (2003), T Eq. 33 of Putirka (2008) | BD3: Preferred P-T estimated based on guidelines in MacDonald et al. (2023)
A4: EMPA_# | B4: LA-ICP-MS_# | C4: Sample | D4: ThinSection | E4: EMPA point | F4: Textural position | G4: Reference | H4: Eruption | I4: EruptionDate | J4: EmplacementDate | K4: Rock | L4: SiO2 | M4: TiO2 | N4: Al2O3 | O4: FeO | P4: MnO | Q4: MgO | R4: CaO | S4: Na2O | T4: K2O | U4: Cr2O3 | V4: Cr_EMPA | W4: NiO | X4: Total | Y4: Mg# | Z4: Si_err | AA4: Ti_err | AB4: Al_err | AC4: Fe_err | AD4: Mn_err | AE4: Mg_err | AF4: Ca_err | AG4: Na_err | AH4: K_err | AI4: Cr_err | AJ4: Ni_err | AK4: Mg#_err | AL4: Mg | AM4: Na | AN4: Fe2 + Mn | AO4: P_kbar_Masotta2013 (Palk2012) | AP4: P_kbar_Masotta2013_1σ | AQ4: T_°C_Masotta2013_Talk2012 | AR4: T_°C_Masotta2013_1σ | AS4: # of Liqs Averaged | AT4: P_kbar_Mollo2018 | AU4: P_kbar_Mollo2018_1σ | AV4: T_°C_Mollo2018 | AW4: T_°C_Mollo2018_1σ | AX4: # of Liqs Averaged | AY4: P_kbar_P2003(T33) | AZ4: P_kbar_P2003(T33)_1σ | BA4: T_°C_eq33_P2003 | BB4: T_°C_eq33_1σ | BC4: # of Liqs Averaged | BD4: P_Kbar_preferred | BE4: P_Kbar_1σ_preferred | BF4: T_°C_Preferred | BG4: T_°C__1σ_Preferred | BH4: # of Liqs Averaged | BI4: P (kbar) | BJ4: 16_Percentile - P (kbar) | BK4: 84_Percentile - P (kbar) | BL4: T (C) | BM4: 16_Percentile - T (C) | BN4: 84_Percentile - T (C)
A5: 1 | B5: 1 | C5: IG2611L2 | D5: 118508 | E5: 62 | F5: Core | G5: This work | H5: Tajogaite 2021 | I5: 44526 | J5: 44526 | K5: Basanite | L5: 50.132 | M5: 1.234 | N5: 3.701 | O5: 6.864 | P5: 0.223 | Q5: 13.661 | R5: 22.647 | S5: 0.833 | T5: 0.025 | U5: 0.076 | X5: 99.396 | Y5: 78.01089 | Z5: 0.43 | AA5: 4.98 | AB5: 1.71 | AC5: 1.45 | AD5: 15.32 | AE5: 0.6 | AF5: 0.59 | AG5: 3.44 | AH5: 48.41 | AI5: 34.33 | AJ5: 100 | AK5: 0.64365167 | AL5: 0.76309309 | AM5: 0.060509491 | AN5: 0.11662565 | BD5: =IF(OR($F5="Core",$F5="Cpx Inclusion"), IF($Y5<67, IF(AO5<>"",AO5,""), IF($Y5>67, IF(AY5<>"",AY5,""), "")), IF(OR($F5="Inner Rim",$F5="Outer Rim",$F5="Microlite"), IF(AT5<>"",AT5,""), IF($F5="Not Categorized","", ""))) | BE5: =IF(OR($F5="Core",$F5="Cpx Inclusion"), IF($Y5<67, IF(AP5<>"",AP5,""), IF($Y5>67, IF(AZ5<>"",AZ5,""), "")), IF(OR($F5="Inner Rim",$F5="Outer Rim",$F5="Microlite"), IF(AU5<>"",AU5,""), IF($F5="Not Categorized","", ""))) | BF5: =IF(OR($F5="Core",$F5="Cpx Inclusion"), IF($Y5<67, IF(AQ5<>"",AQ5,""), IF($Y5>67, IF(BA5<>"",BA5,""), "")), IF(OR($F5="Inner Rim",$F5="Outer Rim",$F5="Microlite"), IF(AV5<>"",AV5,""), IF($F5="Not Categorized","", ""))) | BG5: =IF(OR($F5="Core",$F5="Cpx Inclusion"), IF($Y5<67, IF(AR5<>"",AR5,""), IF($Y5>67, IF(BB5<>"",BB5,""), "")), IF(OR($F5="Inner Rim",$F5="Outer Rim",$F5="Microlite"), IF(AW5<>"",AW5,""), IF($F5="Not Categorized","", ""))) | BH5: =IF(OR($F5="Core",$F5="Cpx Inclusion"), IF($Y5<67, IF(AS5<>"",AS5,""), IF($Y5>67, IF(BC5<>"",BC5,""), "")), IF(OR($F5="Inner Rim",$F5="Outer Rim",$F5="Microlite"), IF(AX5<>"",AX5,""), IF($F5="Not Categorized","", ""))) | BI5: 5.3677098 | BJ5: 5.0652598 | BK5: 5.6989424 | BL5: 1049.2686 | BM5: 1037.8656 | BN5: 1059.3331
A6: 2 | B6: 2 | C6: IG2611L2 | D6: 118508 | E6: 63 | F6: Inner Rim | G6: This work | H6: Tajogaite 2021 | I6: 44526 | J6: 44526 | K6: Basanite | L6: 50.781 | M6: 0.797 | N6: 2.582 | O6: 6.786 | P6: 0.238 | Q6: 14.303 | R6: 22.607 | S6: 0.809 | T6: 0.012 | U6: 0.128 | X6: 99.043 | Y6: 78.9789 | Z6: 0.43 | AA6: 6.3 | AB6: 2.1 | AC6: 1.46 | AD6: 13.68 | AE6: 0.59 | AF6: 0.59 | AG6: 3.5 | AH6: 104.36 | AI6: 22.89 | AJ6: 100 | AK6: 0.64135307 | AL6: 0.80118432 | AM6: 0.058930116 | AN6: 0.099412983 | BD6: =IF(OR($F6="Core",$F6="Cpx Inclusion"), IF($Y6<67, IF(AO6<>"",AO6,""), IF($Y6>67, IF(AY6<>"",AY6,""), "")), IF(OR($F6="Inner Rim",$F6="Outer Rim",$F6="Microlite"), IF(AT6<>"",AT6,""), IF($F6="Not Categorized","", ""))) | BE6: =IF(OR($F6="Core",$F6="Cpx Inclusion"), IF($Y6<67, IF(AP6<>"",AP6,""), IF($Y6>67, IF(AZ6<>"",AZ6,""), "")), IF(OR($F6="Inner Rim",$F6="Outer Rim",$F6="Microlite"), IF(AU6<>"",AU6,""), IF($F6="Not Categorized","", ""))) | BF6: =IF(OR($F6="Core",$F6="Cpx Inclusion"), IF($Y6<67, IF(AQ6<>"",AQ6,""), IF($Y6>67, IF(BA6<>"",BA6,""), "")), IF(OR($F6="Inner Rim",$F6="Outer Rim",$F6="Microlite"), IF(AV6<>"",AV6,""), IF($F6="Not Categorized","", ""))) | BG6: =IF(OR($F6="Core",$F6="Cpx Inclusion"), IF($Y6<67, IF(AR6<>"",AR6,""), IF($Y6>67, IF(BB6<>"",BB6,""), "")), IF(OR($F6="Inner Rim",$F6="Outer Rim",$F6="Microlite"), IF(AW6<>"",AW6,""), IF($F6="Not Categorized","", ""))) | BH6: =IF(OR($F6="Core",$F6="Cpx Inclusion"), IF($Y6<67, IF(AS6<>"",AS6,""), IF($Y6>67, IF(BC6<>"",BC6,""), "")), IF(OR($F6="Inner Rim",$F6="Outer Rim",$F6="Microlite"), IF(AX6<>"",AX6,""), IF($F6="Not Categorized","", ""))) | BI6: 1.6092432 | BJ6: 1.4184873 | BK6: 1.8679676 | BL6: 1034.5948 | BM6: 1020.7295 | BN6: 1044.4638
A7: 2 | C7: TQ55 | D7: 118527 | E7: 52 | F7: Core | G7: This work | H7: Tajogaite 2021 | I7: 44525 | J7: 44525 | K7: Basanite | L7: 50.204 | M7: 1.262 | N7: 3.054 | O7: 6.274 | P7: 0.129 | Q7: 13.984 | R7: 23.435 | S7: 0.859 | T7: 0.015 | U7: 0.053 | W7: 0.034 | X7: 99.303 | Y7: 79.891809 | Z7: 0.42 | AA7: 4.8 | AB7: 1.89 | AC7: 2.3 | AD7: 30.9 | AE7: 0.59 | AF7: 0.58 | AG7: 3.5 | AH7: 78.9 | AI7: 49.07 | AJ7: 121.34 | AK7: 0.70747347 | AL7: 0.78217743 | AM7: 0.062481364 | AN7: 0.067959177 | BD7: =IF(OR($F7="Core",$F7="Cpx Inclusion"), IF($Y7<67, IF(AO7<>"",AO7,""), IF($Y7>67, IF(AY7<>"",AY7,""), "")), IF(OR($F7="Inner Rim",$F7="Outer Rim",$F7="Microlite"), IF(AT7<>"",AT7,""), IF($F7="Not Categorized","", ""))) | BE7: =IF(OR($F7="Core",$F7="Cpx Inclusion"), IF($Y7<67, IF(AP7<>"",AP7,""), IF($Y7>67, IF(AZ7<>"",AZ7,""), "")), IF(OR($F7="Inner Rim",$F7="Outer Rim",$F7="Microlite"), IF(AU7<>"",AU7,""), IF($F7="Not Categorized","", ""))) | BF7: =IF(OR($F7="Core",$F7="Cpx Inclusion"), IF($Y7<67, IF(AQ7<>"",AQ7,""), IF($Y7>67, IF(BA7<>"",BA7,""), "")), IF(OR($F7="Inner Rim",$F7="Outer Rim",$F7="Microlite"), IF(AV7<>"",AV7,""), IF($F7="Not Categorized","", ""))) | BG7: =IF(OR($F7="Core",$F7="Cpx Inclusion"), IF($Y7<67, IF(AR7<>"",AR7,""), IF($Y7>67, IF(BB7<>"",BB7,""), "")), IF(OR($F7="Inner Rim",$F7="Outer Rim",$F7="Microlite"), IF(AW7<>"",AW7,""), IF($F7="Not Categorized","", ""))) | BH7: =IF(OR($F7="Core",$F7="Cpx Inclusion"), IF($Y7<67, IF(AS7<>"",AS7,""), IF($Y7>67, IF(BC7<>"",BC7,""), "")), IF(OR($F7="Inner Rim",$F7="Outer Rim",$F7="Microlite"), IF(AX7<>"",AX7,""), IF($F7="Not Categorized","", ""))) | BI7: 1.9546705 | BJ7: 1.5357379 | BK7: 2.379043 | BL7: 1063.3611 | BM7: 1057.9916 | BN7: 1069.5108
A8: 3 | C8: TQ40 | D8: 118466 | E8: 85 | F8: Core | G8: This work | H8: Tajogaite 2021 | I8: 44493 | J8: 44493 | K8: Basanite | L8: 51.898 | M8: 1.003 | N8: 2.545 | O8: 6.004 | P8: 0.2 | Q8: 14.376 | R8: 23.116 | S8: 0.893 | U8: 0.007 | W8: 0.017 | X8: 100.059 | Y8: 81.018007 | Z8: 0.41 | AA8: 5.69 | AB8: 2.06 | AC8: 2.33 | AD8: 21.43 | AE8: 0.58 | AF8: 0.58 | AG8: 3.22 | AH8: 100 | AI8: 330.45 | AJ8: 229.73 | AK8: 0.70295644 | AL8: 0.79346343 | AM8: 0.064094945 | AN8: 0.1101073 | BD8: =IF(OR($F8="Core",$F8="Cpx Inclusion"), IF($Y8<67, IF(AO8<>"",AO8,""), IF($Y8>67, IF(AY8<>"",AY8,""), "")), IF(OR($F8="Inner Rim",$F8="Outer Rim",$F8="Microlite"), IF(AT8<>"",AT8,""), IF($F8="Not Categorized","", ""))) | BE8: =IF(OR($F8="Core",$F8="Cpx Inclusion"), IF($Y8<67, IF(AP8<>"",AP8,""), IF($Y8>67, IF(AZ8<>"",AZ8,""), "")), IF(OR($F8="Inner Rim",$F8="Outer Rim",$F8="Microlite"), IF(AU8<>"",AU8,""), IF($F8="Not Categorized","", ""))) | BF8: =IF(OR($F8="Core",$F8="Cpx Inclusion"), IF($Y8<67, IF(AQ8<>"",AQ8,""), IF($Y8>67, IF(BA8<>"",BA8,""), "")), IF(OR($F8="Inner Rim",$F8="Outer Rim",$F8="Microlite"), IF(AV8<>"",AV8,""), IF($F8="Not Categorized","", ""))) | BG8: =IF(OR($F8="Core",$F8="Cpx Inclusion"), IF($Y8<67, IF(AR8<>"",AR8,""), IF($Y8>67, IF(BB8<>"",BB8,""), "")), IF(OR($F8="Inner Rim",$F8="Outer Rim",$F8="Microlite"), IF(AW8<>"",AW8,""), IF($F8="Not Categorized","", ""))) | BH8: =IF(OR($F8="Core",$F8="Cpx Inclusion"), IF($Y8<67, IF(AS8<>"",AS8,""), IF($Y8>67, IF(BC8<>"",BC8,""), "")), IF(OR($F8="Inner Rim",$F8="Outer Rim",$F8="Microlite"), IF(AX8<>"",AX8,""), IF($F8="Not Categorized","", ""))) | BI8: 0.66354101 | BJ8: 0.57839117 | BK8: 0.81071563 | BL8: 1049.1392 | BM8: 1042.8364 | BN8: 1055.0715
A9: 4 | C9: TQ40 | D9: 118466 | E9: 89 | F9: Core | G9: This work | H9: Tajogaite 2021 | I9: 44493 | J9: 44493 | K9: Basanite | L9: 51.475 | M9: 0.992 | N9: 3.506 | O9: 6.728 | P9: 0.182 | Q9: 14.875 | R9: 22.208 | S9: 0.669 | T9: 0.007 | U9: 0.072 | W9: 0.055 | X9: 100.769 | Y9: 79.761439 | Z9: 0.41 | AA9: 5.81 | AB9: 1.74 | AC9: 2.19 | AD9: 23.77 | AE9: 0.57 | AF9: 0.59 | AG9: 3.89 | AH9: 183.02 | AI9: 35.6 | AJ9: 71.76 | AK9: 0.68057052 | AL9: 0.81566014 | AM9: 0.047704775 | AN9: 0.13309772 | BD9: =IF(OR($F9="Core",$F9="Cpx Inclusion"), IF($Y9<67, IF(AO9<>"",AO9,""), IF($Y9>67, IF(AY9<>"",AY9,""), "")), IF(OR($F9="Inner Rim",$F9="Outer Rim",$F9="Microlite"), IF(AT9<>"",AT9,""), IF($F9="Not Categorized","", ""))) | BE9: =IF(OR($F9="Core",$F9="Cpx Inclusion"), IF($Y9<67, IF(AP9<>"",AP9,""), IF($Y9>67, IF(AZ9<>"",AZ9,""), "")), IF(OR($F9="Inner Rim",$F9="Outer Rim",$F9="Microlite"), IF(AU9<>"",AU9,""), IF($F9="Not Categorized","", ""))) | BF9: =IF(OR($F9="Core",$F9="Cpx Inclusion"), IF($Y9<67, IF(AQ9<>"",AQ9,""), IF($Y9>67, IF(BA9<>"",BA9,""), "")), IF(OR($F9="Inner Rim",$F9="Outer Rim",$F9="Microlite"), IF(AV9<>"",AV9,""), IF($F9="Not Categorized","", ""))) | BG9: =IF(OR($F9="Core",$F9="Cpx Inclusion"), IF($Y9<67, IF(AR9<>"",AR9,""), IF($Y9>67, IF(BB9<>"",BB9,""), "")), IF(OR($F9="Inner Rim",$F9="Outer Rim",$F9="Microlite"), IF(AW9<>"",AW9,""), IF($F9="Not Categorized","", ""))) | BH9: =IF(OR($F9="Core",$F9="Cpx Inclusion"), IF($Y9<67, IF(AS9<>"",AS9,""), IF($Y9>67, IF(BC9<>"",BC9,""), "")), IF(OR($F9="Inner Rim",$F9="Outer Rim",$F9="Microlite"), IF(AX9<>"",AX9,""), IF($F9="Not Categorized","", ""))) | BI9: 4.8471908 | BJ9: 4.1887672 | BK9: 5.4851893 | BL9: 1058.4293 | BM9: 1054.1229 | BN9: 1065.1179
A10: 5 | C10: TQ40 | D10: 118466 | E10: 90 | F10: Core | G10: This work | H10: Tajogaite 2021 | I10: 44493 | J10: 44493 | K10: Basanite | L10: 52.049 | M10: 0.41 | N10: 2.02 | O10: 6.011 | P10: 0.178 | Q10: 14.626 | R10: 22.099 | S10: 0.696 | T10: 0.012 | U10: 0.081 | W10: 0.036 | X10: 98.218 | Y10: 81.263996 | Z10: 0.41 | AA10: 10.85 | AB10: 2.36 | AC10: 2.33 | AD10: 22.45 | AE10: 0.57 | AF10: 0.59 | AG10: 3.76 | AH10: 103.88 | AI10: 31.97 | AJ10: 110.67 | AK10: 0.69433678 | AL10: 0.81910514 | AM10: 0.050688191 | AN10: 0.15534474 | BD10: =IF(OR($F10="Core",$F10="Cpx Inclusion"), IF($Y10<67, IF(AO10<>"",AO10,""), IF($Y10>67, IF(AY10<>"",AY10,""), "")), IF(OR($F10="Inner Rim",$F10="Outer Rim",$F10="Microlite"), IF(AT10<>"",AT10,""), IF($F10="Not Categorized","", ""))) | BE10: =IF(OR($F10="Core",$F10="Cpx Inclusion"), IF($Y10<67, IF(AP10<>"",AP10,""), IF($Y10>67, IF(AZ10<>"",AZ10,""), "")), IF(OR($F10="Inner Rim",$F10="Outer Rim",$F10="Microlite"), IF(AU10<>"",AU10,""), IF($F10="Not Categorized","", ""))) | BF10: =IF(OR($F10="Core",$F10="Cpx Inclusion"), IF($Y10<67, IF(AQ10<>"",AQ10,""), IF($Y10>67, IF(BA10<>"",BA10,""), "")), IF(OR($F10="Inner Rim",$F10="Outer Rim",$F10="Microlite"), IF(AV10<>"",AV10,""), IF($F10="Not Categorized","", ""))) | BG10: =IF(OR($F10="Core",$F10="Cpx Inclusion"), IF($Y10<67, IF(AR10<>"",AR10,""), IF($Y10>67, IF(BB10<>"",BB10,""), "")), IF(OR($F10="Inner Rim",$F10="Outer Rim",$F10="Microlite"), IF(AW10<>"",AW10,""), IF($F10="Not Categorized","", ""))) | BH10: =IF(OR($F10="Core",$F10="Cpx Inclusion"), IF($Y10<67, IF(AS10<>"",AS10,""), IF($Y10>67, IF(BC10<>"",BC10,""), "")), IF(OR($F10="Inner Rim",$F10="Outer Rim",$F10="Microlite"), IF(AX10<>"",AX10,""), IF($F10="Not Categorized","", ""))) | BI10: 1.8945114 | BJ10: 1.6364186 | BK10: 2.2133021 | BL10: 1044.8253 | BM10: 1040.9081 | BN10: 1050.3062
A11: 6 | C11: TQ8 | D11: 118433 | E11: 151N | F11: Not Categorized | G11: This work | H11: Tajogaite 2021 | I11: 44461 | J11: 44461 | K11: Tephrite | L11: 50.4 | M11: 1.011 | N11: 3.288 | O11: 7.097 | P11: 0.212 | Q11: 14.277 | R11: 23.117 | S11: 0.777 | T11: 0.005 | W11: 0.006 | X11: 100.19 | Y11: 78.194278 | Z11: 0.43 | AA11: 5.44 | AB11: 1.88 | AC11: 2.16 | AD11: 19.84 | AE11: 0.6 | AF11: 0.6 | AG11: 3.76 | AH11: 232.75 | AI11: 100 | AJ11: 663.33 | AK11: 0.70024935 | AL11: 0.79294334 | AM11: 0.056118969 | AN11: 0.076785722 | BD11: =IF(OR($F11="Core",$F11="Cpx Inclusion"), IF($Y11<67, IF(AO11<>"",AO11,""), IF($Y11>67, IF(AY11<>"",AY11,""), "")), IF(OR($F11="Inner Rim",$F11="Outer Rim",$F11="Microlite"), IF(AT11<>"",AT11,""), IF($F11="Not Categorized","", ""))) | BE11: =IF(OR($F11="Core",$F11="Cpx Inclusion"), IF($Y11<67, IF(AP11<>"",AP11,""), IF($Y11>67, IF(AZ11<>"",AZ11,""), "")), IF(OR($F11="Inner Rim",$F11="Outer Rim",$F11="Microlite"), IF(AU11<>"",AU11,""), IF($F11="Not Categorized","", ""))) | BF11: =IF(OR($F11="Core",$F11="Cpx Inclusion"), IF($Y11<67, IF(AQ11<>"",AQ11,""), IF($Y11>67, IF(BA11<>"",BA11,""), "")), IF(OR($F11="Inner Rim",$F11="Outer Rim",$F11="Microlite"), IF(AV11<>"",AV11,""), IF($F11="Not Categorized","", ""))) | BG11: =IF(OR($F11="Core",$F11="Cpx Inclusion"), IF($Y11<67, IF(AR11<>"",AR11,""), IF($Y11>67, IF(BB11<>"",BB11,""), "")), IF(OR($F11="Inner Rim",$F11="Outer Rim",$F11="Microlite"), IF(AW11<>"",AW11,""), IF($F11="Not Categorized","", ""))) | BH11: =IF(OR($F11="Core",$F11="Cpx Inclusion"), IF($Y11<67, IF(AS11<>"",AS11,""), IF($Y11>67, IF(BC11<>"",BC11,""), "")), IF(OR($F11="Inner Rim",$F11="Outer Rim",$F11="Microlite"), IF(AX11<>"",AX11,""), IF($F11="Not Categorized","", ""))) | BI11: 1.4053941 | BJ11: 1.0735713 | BK11: 1.8638538 | BL11: 1049.7773 | BM11: 1040.3586 | BN11: 1056.0196
A12: 7 | C12: TQ55 | D12: 118527 | E12: 49 | F12: Core | G12: This work | H12: Tajogaite 2021 | I12: 44525 | J12: 44525 | K12: Basanite | L12: 45.916 | M12: 3.133 | N12: 6.435 | O12: 6.602 | P12: 0.062 | Q12: 12.564 | R12: 23.966 | S12: 0.827 | T12: 0.015 | X12: 99.52 | Y12: 77.232905 | Z12: 0.44 | AA12: 2.83 | AB12: 1.27 | AC12: 2.23 | AD12: 54.87 | AE12: 0.63 | AF12: 0.57 | AG12: 3.6 | AH12: 76.06 | AI12: 100 | AJ12: 100 | AK12: 0.72919413 | AL12: 0.70810571 | AM12: 0.060612074 | AN12: 0.023164968 | AT12: 5.0877712 | AU12: 0.51798212 | AV12: 1144.8876 | AW12: 15.950306 | AX12: 8 | BD12: =IF(OR($F12="Core",$F12="Cpx Inclusion"), IF($Y12<67, IF(AO12<>"",AO12,""), IF($Y12>67, IF(AY12<>"",AY12,""), "")), IF(OR($F12="Inner Rim",$F12="Outer Rim",$F12="Microlite"), IF(AT12<>"",AT12,""), IF($F12="Not Categorized","", ""))) | BE12: =IF(OR($F12="Core",$F12="Cpx Inclusion"), IF($Y12<67, IF(AP12<>"",AP12,""), IF($Y12>67, IF(AZ12<>"",AZ12,""), "")), IF(OR($F12="Inner Rim",$F12="Outer Rim",$F12="Microlite"), IF(AU12<>"",AU12,""), IF($F12="Not Categorized","", ""))) | BF12: =IF(OR($F12="Core",$F12="Cpx Inclusion"), IF($Y12<67, IF(AQ12<>"",AQ12,""), IF($Y12>67, IF(BA12<>"",BA12,""), "")), IF(OR($F12="Inner Rim",$F12="Outer Rim",$F12="Microlite"), IF(AV12<>"",AV12,""), IF($F12="Not Categorized","", ""))) | BG12: =IF(OR($F12="Core",$F12="Cpx Inclusion"), IF($Y12<67, IF(AR12<>"",AR12,""), IF($Y12>67, IF(BB12<>"",BB12,""), "")), IF(OR($F12="Inner Rim",$F12="Outer Rim",$F12="Microlite"), IF(AW12<>"",AW12,""), IF($F12="Not Categorized","", ""))) | BH12: =IF(OR($F12="Core",$F12="Cpx Inclusion"), IF($Y12<67, IF(AS12<>"",AS12,""), IF($Y12>67, IF(BC12<>"",BC12,""), "")), IF(OR($F12="Inner Rim",$F12="Outer Rim",$F12="Microlite"), IF(AX12<>"",AX12,""), IF($F12="Not Categorized","", ""))) | BI12: 10.34109 | BJ12: 8.9333752 | BK12: 11.348179 | BL12: 1170.551 | BM12: 1159.0227 | BN12: 1179.6237
A13: 8 | C13: TQ55 | D13: 118527 | E13: 50 | F13: Core | G13: This work | H13: Tajogaite 2021 | I13: 44525 | J13: 44525 | K13: Basanite | L13: 45.49 | M13: 2.832 | N13: 6.992 | O13: 6.265 | P13: 0.169 | Q13: 12.965 | R13: 22.951 | S13: 0.467 | U13: 0.038 | W13: 0.025 | X13: 98.194 | Y13: 78.672917 | Z13: 0.44 | AA13: 2.99 | AB13: 1.21 | AC13: 2.29 | AD13: 20.85 | AE13: 0.62 | AF13: 0.58 | AG13: 5.23 | AH13: 100 | AI13: 66.57 | AJ13: 163.68 | AK13: 0.72994336 | AL13: 0.73680791 | AM13: 0.034512952 | AN13: 0.071423261 | AT13: 5.8778844 | AU13: 0.66660421 | AV13: 1143.9673 | AW13: 15.064891 | AX13: 210 | AY13: 5.9441213 | AZ13: 0.61403725 | BA13: 1118.3925 | BB13: 16.265572 | BC13: 785 | BD13: =IF(OR($F13="Core",$F13="Cpx Inclusion"), IF($Y13<67, IF(AO13<>"",AO13,""), IF($Y13>67, IF(AY13<>"",AY13,""), "")), IF(OR($F13="Inner Rim",$F13="Outer Rim",$F13="Microlite"), IF(AT13<>"",AT13,""), IF($F13="Not Categorized","", ""))) -> 5.9441213 | BE13: =IF(OR($F13="Core",$F13="Cpx Inclusion"), IF($Y13<67, IF(AP13<>"",AP13,""), IF($Y13>67, IF(AZ13<>"",AZ13,""), "")), IF(OR($F13="Inner Rim",$F13="Outer Rim",$F13="Microlite"), IF(AU13<>"",AU13,""), IF($F13="Not Categorized","", ""))) -> 0.61403725 | BF13: =IF(OR($F13="Core",$F13="Cpx Inclusion"), IF($Y13<67, IF(AQ13<>"",AQ13,""), IF($Y13>67, IF(BA13<>"",BA13,""), "")), IF(OR($F13="Inner Rim",$F13="Outer Rim",$F13="Microlite"), IF(AV13<>"",AV13,""), IF($F13="Not Categorized","", ""))) -> 1118.3925 | BG13: =IF(OR($F13="Core",$F13="Cpx Inclusion"), IF($Y13<67, IF(AR13<>"",AR13,""), IF($Y13>67, IF(BB13<>"",BB13,""), "")), IF(OR($F13="Inner Rim",$F13="Outer Rim",$F13="Microlite"), IF(AW13<>"",AW13,""), IF($F13="Not Categorized","", ""))) -> 16.265572 | BH13: =IF(OR($F13="Core",$F13="Cpx Inclusion"), IF($Y13<67, IF(AS13<>"",AS13,""), IF($Y13>67, IF(BC13<>"",BC13,""), "")), IF(OR($F13="Inner Rim",$F13="Outer Rim",$F13="Microlite"), IF(AX13<>"",AX13,""), IF($F13="Not Categorized","", ""))) -> 785 | BI13: 0.9554218 | BJ13: 0.48044506 | BK13: 1.5796033 | BL13: 1118.4871 | BM13: 1106.785 | BN13: 1130.6698
A14: 9 | C14: TQ55 | D14: 118527 | E14: 51 | F14: Core | G14: This work | H14: Tajogaite 2021 | I14: 44525 | J14: 44525 | K14: Basanite | L14: 43.372 | M14: 4.423 | N14: 9.87 | O14: 6.396 | P14: 0.125 | Q14: 12.067 | R14: 23.864 | S14: 0.535 | T14: 0.016 | U14: 0.02 | W14: 0.017 | X14: 100.705 | Y14: 77.080249 | Z14: 0.45 | AA14: 2.35 | AB14: 1.01 | AC14: 2.26 | AD14: 31.95 | AE14: 0.64 | AF14: 0.57 | AG14: 4.68 | AH14: 69.1 | AI14: 126.16 | AJ14: 244.95 | AK14: 0.73983927 | AL14: 0.67290027 | AM14: 0.038796151 | AN14: 0.037967687 | BD14: =IF(OR($F14="Core",$F14="Cpx Inclusion"), IF($Y14<67, IF(AO14<>"",AO14,""), IF($Y14>67, IF(AY14<>"",AY14,""), "")), IF(OR($F14="Inner Rim",$F14="Outer Rim",$F14="Microlite"), IF(AT14<>"",AT14,""), IF($F14="Not Categorized","", ""))) | BE14: =IF(OR($F14="Core",$F14="Cpx Inclusion"), IF($Y14<67, IF(AP14<>"",AP14,""), IF($Y14>67, IF(AZ14<>"",AZ14,""), "")), IF(OR($F14="Inner Rim",$F14="Outer Rim",$F14="Microlite"), IF(AU14<>"",AU14,""), IF($F14="Not Categorized","", ""))) | BF14: =IF(OR($F14="Core",$F14="Cpx Inclusion"), IF($Y14<67, IF(AQ14<>"",AQ14,""), IF($Y14>67, IF(BA14<>"",BA14,""), "")), IF(OR($F14="Inner Rim",$F14="Outer Rim",$F14="Microlite"), IF(AV14<>"",AV14,""), IF($F14="Not Categorized","", ""))) | BG14: =IF(OR($F14="Core",$F14="Cpx Inclusion"), IF($Y14<67, IF(AR14<>"",AR14,""), IF($Y14>67, IF(BB14<>"",BB14,""), "")), IF(OR($F14="Inner Rim",$F14="Outer Rim",$F14="Microlite"), IF(AW14<>"",AW14,""), IF($F14="Not Categorized","", ""))) | BH14: =IF(OR($F14="Core",$F14="Cpx Inclusion"), IF($Y14<67, IF(AS14<>"",AS14,""), IF($Y14>67, IF(BC14<>"",BC14,""), "")), IF(OR($F14="Inner Rim",$F14="Outer Rim",$F14="Microlite"), IF(AX14<>"",AX14,""), IF($F14="Not Categorized","", ""))) | BI14: 0.92835217 | BJ14: 0.23063514 | BK14: 2.1995904 | BL14: 1134.3682 | BM14: 1125.3234 | BN14: 1143.251
A15: 10 | C15: TQ40 | D15: 118466 | E15: 87 | F15: Core | G15: This work | H15: Tajogaite 2021 | I15: 44493 | J15: 44493 | K15: Basanite | L15: 50.713 | M15: 1.053 | N15: 3.46 | O15: 7.911 | P15: 0.267 | Q15: 13.018 | R15: 22.917 | S15: 0.946 | U15: 0.03 | W15: 0.008 | X15: 100.323 | Y15: 74.576001 | Z15: 0.42 | AA15: 5.56 | AB15: 1.75 | AC15: 2 | AD15: 17.23 | AE15: 0.61 | AF15: 0.58 | AG15: 3.17 | AH15: 100 | AI15: 83.37 | AJ15: 502.22 | AK15: 0.68252509 | AL15: 0.72380297 | AM15: 0.068399149 | AN15: 0.14338424 | BD15: =IF(OR($F15="Core",$F15="Cpx Inclusion"), IF($Y15<67, IF(AO15<>"",AO15,""), IF($Y15>67, IF(AY15<>"",AY15,""), "")), IF(OR($F15="Inner Rim",$F15="Outer Rim",$F15="Microlite"), IF(AT15<>"",AT15,""), IF($F15="Not Categorized","", ""))) | BE15: =IF(OR($F15="Core",$F15="Cpx Inclusion"), IF($Y15<67, IF(AP15<>"",AP15,""), IF($Y15>67, IF(AZ15<>"",AZ15,""), "")), IF(OR($F15="Inner Rim",$F15="Outer Rim",$F15="Microlite"), IF(AU15<>"",AU15,""), IF($F15="Not Categorized","", ""))) | BF15: =IF(OR($F15="Core",$F15="Cpx Inclusion"), IF($Y15<67, IF(AQ15<>"",AQ15,""), IF($Y15>67, IF(BA15<>"",BA15,""), "")), IF(OR($F15="Inner Rim",$F15="Outer Rim",$F15="Microlite"), IF(AV15<>"",AV15,""), IF($F15="Not Categorized","", ""))) | BG15: =IF(OR($F15="Core",$F15="Cpx Inclusion"), IF($Y15<67, IF(AR15<>"",AR15,""), IF($Y15>67, IF(BB15<>"",BB15,""), "")), IF(OR($F15="Inner Rim",$F15="Outer Rim",$F15="Microlite"), IF(AW15<>"",AW15,""), IF($F15="Not Categorized","", ""))) | BH15: =IF(OR($F15="Core",$F15="Cpx Inclusion"), IF($Y15<67, IF(AS15<>"",AS15,""), IF($Y15>67, IF(BC15<>"",BC15,""), "")), IF(OR($F15="Inner Rim",$F15="Outer Rim",$F15="Microlite"), IF(AX15<>"",AX15,""), IF($F15="Not Categorized","", ""))) | BI15: 4.3793088 | BJ15: 3.8392882 | BK15: 4.9440706 | BL15: 990.58447 | BM15: 962.22699 | BN15: 1019.2005
A16: 11 | C16: IGME L1 | D16: 118507 | E16: 10 | F16: Core | G16: This work | H16: Tajogaite 2021 | I16: 44528 | J16: 44528 | K16: Basanite | L16: 46.8 | M16: 2.584 | N16: 6.448 | O16: 6.243 | P16: 0.099 | Q16: 13.184 | R16: 23.271 | S16: 0.483 | T16: 0.008 | U16: 0.38 | W16: 0.061 | X16: 99.561 | Y16: 79.011015 | Z16: 0.44 | AA16: 3.15 | AB16: 1.26 | AC16: 2.31 | AD16: 39.02 | AE16: 0.61 | AF16: 0.58 | AG16: 5.09 | AH16: 148.4 | AI16: 9.42 | AJ16: 65.24 | AK16: 0.72391986 | AL16: 0.73844846 | AM16: 0.035180629 | AN16: 0.084306893 | AT16: 5.6229305 | AU16: 0.64835132 | AV16: 1144.7739 | AW16: 16.005577 | AX16: 131 | BD16: =IF(OR($F16="Core",$F16="Cpx Inclusion"), IF($Y16<67, IF(AO16<>"",AO16,""), IF($Y16>67, IF(AY16<>"",AY16,""), "")), IF(OR($F16="Inner Rim",$F16="Outer Rim",$F16="Microlite"), IF(AT16<>"",AT16,""), IF($F16="Not Categorized","", ""))) | BE16: =IF(OR($F16="Core",$F16="Cpx Inclusion"), IF($Y16<67, IF(AP16<>"",AP16,""), IF($Y16>67, IF(AZ16<>"",AZ16,""), "")), IF(OR($F16="Inner Rim",$F16="Outer Rim",$F16="Microlite"), IF(AU16<>"",AU16,""), IF($F16="Not Categorized","", ""))) | BF16: =IF(OR($F16="Core",$F16="Cpx Inclusion"), IF($Y16<67, IF(AQ16<>"",AQ16,""), IF($Y16>67, IF(BA16<>"",BA16,""), "")), IF(OR($F16="Inner Rim",$F16="Outer Rim",$F16="Microlite"), IF(AV16<>"",AV16,""), IF($F16="Not Categorized","", ""))) | BG16: =IF(OR($F16="Core",$F16="Cpx Inclusion"), IF($Y16<67, IF(AR16<>"",AR16,""), IF($Y16>67, IF(BB16<>"",BB16,""), "")), IF(OR($F16="Inner Rim",$F16="Outer Rim",$F16="Microlite"), IF(AW16<>"",AW16,""), IF($F16="Not Categorized","", ""))) | BH16: =IF(OR($F16="Core",$F16="Cpx Inclusion"), IF($Y16<67, IF(AS16<>"",AS16,""), IF($Y16>67, IF(BC16<>"",BC16,""), "")), IF(OR($F16="Inner Rim",$F16="Outer Rim",$F16="Microlite"), IF(AX16<>"",AX16,""), IF($F16="Not Categorized","", ""))) | BI16: 1.3774945 | BJ16: 0.81606705 | BK16: 2.1655394 | BL16: 1152.3586 | BM16: 1146.8607 | BN16: 1158.2835
A17: 12 | C17: IGME L1 | D17: 118507 | E17: 11 | F17: Core | G17: This work | H17: Tajogaite 2021 | I17: 44528 | J17: 44528 | K17: Basanite | L17: 47.541 | M17: 2.713 | N17: 5.011 | O17: 7.846 | P17: 0.055 | Q17: 13.07 | R17: 23.03 | S17: 0.417 | U17: 0.045 | W17: 0.022 | X17: 99.75 | Y17: 74.807316 | Z17: 0.43 | AA17: 3.08 | AB17: 1.45 | AC17: 2.03 | AD17: 69.6 | AE17: 0.62 | AF17: 0.58 | AG17: 5.71 | AH17: 100 | AI17: 54.37 | AJ17: 181.14 | AK17: 0.6941634 | AL17: 0.73415745 | AM17: 0.030460228 | AN17: 0.14220556 | BD17: =IF(OR($F17="Core",$F17="Cpx Inclusion"), IF($Y17<67, IF(AO17<>"",AO17,""), IF($Y17>67, IF(AY17<>"",AY17,""), "")), IF(OR($F17="Inner Rim",$F17="Outer Rim",$F17="Microlite"), IF(AT17<>"",AT17,""), IF($F17="Not Categorized","", ""))) | BE17: =IF(OR($F17="Core",$F17="Cpx Inclusion"), IF($Y17<67, IF(AP17<>"",AP17,""), IF($Y17>67, IF(AZ17<>"",AZ17,""), "")), IF(OR($F17="Inner Rim",$F17="Outer Rim",$F17="Microlite"), IF(AU17<>"",AU17,""), IF($F17="Not Categorized","", ""))) | BF17: =IF(OR($F17="Core",$F17="Cpx Inclusion"), IF($Y17<67, IF(AQ17<>"",AQ17,""), IF($Y17>67, IF(BA17<>"",BA17,""), "")), IF(OR($F17="Inner Rim",$F17="Outer Rim",$F17="Microlite"), IF(AV17<>"",AV17,""), IF($F17="Not Categorized","", ""))) | BG17: =IF(OR($F17="Core",$F17="Cpx Inclusion"), IF($Y17<67, IF(AR17<>"",AR17,""), IF($Y17>67, IF(BB17<>"",BB17,""), "")), IF(OR($F17="Inner Rim",$F17="Outer Rim",$F17="Microlite"), IF(AW17<>"",AW17,""), IF($F17="Not Categorized","", ""))) | BH17: =IF(OR($F17="Core",$F17="Cpx Inclusion"), IF($Y17<67, IF(AS17<>"",AS17,""), IF($Y17>67, IF(BC17<>"",BC17,""), "")), IF(OR($F17="Inner Rim",$F17="Outer Rim",$F17="Microlite"), IF(AX17<>"",AX17,""), IF($F17="Not Categorized","", ""))) | BI17: 0.62195896 | BJ17: 0.43221258 | BK17: 0.78068438 | BL17: 1085.0646 | BM17: 1081.5027 | BN17: 1088.3955
A18: 13 | C18: TQ51 | D18: 118523 | E18: 42 | F18: Core | G18: This work | H18: Tajogaite 2021 | I18: 44493 | J18: 44493 | K18: Basanite | L18: 47.556 | M18: 2.72 | N18: 6.115 | O18: 6.699 | P18: 0.119 | Q18: 12.788 | R18: 23.062 | S18: 1.01 | U18: 0.086 | X18: 100.155 | Y18: 77.287123 | Z18: 0.43 | AA18: 3.12 | AB18: 1.27 | AC18: 1.47 | AD18: 23.86 | AE18: 0.62 | AF18: 0.58 | AG18: 3.1 | AH18: 100 | AI18: 32.08 | AJ18: 100 | AK18: 0.65830321 | AL18: 0.71239173 | AM18: 0.073167984 | AN18: 0.070734979 | AT18: 6.0577034 | AU18: 0.51029002 | AV18: 1158.7323 | AW18: 17.174485 | AX18: 29 | BD18: =IF(OR($F18="Core",$F18="Cpx Inclusion"), IF($Y18<67, IF(AO18<>"",AO18,""), IF($Y18>67, IF(AY18<>"",AY18,""), "")), IF(OR($F18="Inner Rim",$F18="Outer Rim",$F18="Microlite"), IF(AT18<>"",AT18,""), IF($F18="Not Categorized","", ""))) | BE18: =IF(OR($F18="Core",$F18="Cpx Inclusion"), IF($Y18<67, IF(AP18<>"",AP18,""), IF($Y18>67, IF(AZ18<>"",AZ18,""), "")), IF(OR($F18="Inner Rim",$F18="Outer Rim",$F18="Microlite"), IF(AU18<>"",AU18,""), IF($F18="Not Categorized","", ""))) | BF18: =IF(OR($F18="Core",$F18="Cpx Inclusion"), IF($Y18<67, IF(AQ18<>"",AQ18,""), IF($Y18>67, IF(BA18<>"",BA18,""), "")), IF(OR($F18="Inner Rim",$F18="Outer Rim",$F18="Microlite"), IF(AV18<>"",AV18,""), IF($F18="Not Categorized","", ""))) | BG18: =IF(OR($F18="Core",$F18="Cpx Inclusion"), IF($Y18<67, IF(AR18<>"",AR18,""), IF($Y18>67, IF(BB18<>"",BB18,""), "")), IF(OR($F18="Inner Rim",$F18="Outer Rim",$F18="Microlite"), IF(AW18<>"",AW18,""), IF($F18="Not Categorized","", ""))) | BH18: =IF(OR($F18="Core",$F18="Cpx Inclusion"), IF($Y18<67, IF(AS18<>"",AS18,""), IF($Y18>67, IF(BC18<>"",BC18,""), "")), IF(OR($F18="Inner Rim",$F18="Outer Rim",$F18="Microlite"), IF(AX18<>"",AX18,""), IF($F18="Not Categorized","", ""))) | BI18: 10.463106 | BJ18: 9.8205365 | BK18: 10.94305 | BL18: 1136.5295 | BM18: 1122.5387 | BN18: 1147.2196
A19: 14 | C19: TQ40 | D19: 118466 | E19: 43 | F19: Core | G19: This work | H19: Tajogaite 2021 | I19: 44493 | J19: 44493 | K19: Basanite | L19: 46.669 | M19: 2.875 | N19: 6.761 | O19: 8.245 | P19: 0.259 | Q19: 11.602 | R19: 23.06 | S19: 0.827 | U19: 0.037 | W19: 0.05 | X19: 100.385 | Y19: 71.496404 | Z19: 0.44 | AA19: 3.11 | AB19: 1.22 | AC19: 1.97 | AD19: 17.6 | AE19: 0.65 | AF19: 0.58 | AG19: 3.5 | AH19: 100 | AI19: 69.17 | AJ19: 80.51 | AK19: 0.69824792 | AL19: 0.65034543 | AM19: 0.060283743 | AN19: 0.13485859 | AT19: 6.7996006 | AU19: 0.56380355 | AV19: 1141.7918 | AW19: 3.5423227 | AX19: 4 | AY19: 7.265217 | AZ19: 1.5834796 | BA19: 1107.6839 | BB19: 16.918277 | BC19: 10 | BD19: =IF(OR($F19="Core",$F19="Cpx Inclusion"), IF($Y19<67, IF(AO19<>"",AO19,""), IF($Y19>67, IF(AY19<>"",AY19,""), "")), IF(OR($F19="Inner Rim",$F19="Outer Rim",$F19="Microlite"), IF(AT19<>"",AT19,""), IF($F19="Not Categorized","", ""))) -> 7.265217 | BE19: =IF(OR($F19="Core",$F19="Cpx Inclusion"), IF($Y19<67, IF(AP19<>"",AP19,""), IF($Y19>67, IF(AZ19<>"",AZ19,""), "")), IF(OR($F19="Inner Rim",$F19="Outer Rim",$F19="Microlite"), IF(AU19<>"",AU19,""), IF($F19="Not Categorized","", ""))) -> 1.5834796 | BF19: =IF(OR($F19="Core",$F19="Cpx Inclusion"), IF($Y19<67, IF(AQ19<>"",AQ19,""), IF($Y19>67, IF(BA19<>"",BA19,""), "")), IF(OR($F19="Inner Rim",$F19="Outer Rim",$F19="Microlite"), IF(AV19<>"",AV19,""), IF($F19="Not Categorized","", ""))) -> 1107.6839 | BG19: =IF(OR($F19="Core",$F19="Cpx Inclusion"), IF($Y19<67, IF(AR19<>"",AR19,""), IF($Y19>67, IF(BB19<>"",BB19,""), "")), IF(OR($F19="Inner Rim",$F19="Outer Rim",$F19="Microlite"), IF(AW19<>"",AW19,""), IF($F19="Not Categorized","", ""))) -> 16.918277 | BH19: =IF(OR($F19="Core",$F19="Cpx Inclusion"), IF($Y19<67, IF(AS19<>"",AS19,""), IF($Y19>67, IF(BC19<>"",BC19,""), "")), IF(OR($F19="Inner Rim",$F19="Outer Rim",$F19="Microlite"), IF(AX19<>"",AX19,""), IF($F19="Not Categorized","", ""))) -> 10 | BI19: 8.2652025 | BJ19: 7.282467 | BK19: 9.184644 | BL19: 1089.673 | BM19: 1068.6919 | BN19: 1102.9945
A20: 15 | C20: TQ40 | D20: 118466 | E20: 61 | F20: Core | G20: This work | H20: Tajogaite 2021 | I20: 44493 | J20: 44493 | K20: Basanite | L20: 50.012 | M20: 1.879 | N20: 4.01 | O20: 6.258 | P20: 0.118 | Q20: 13.057 | R20: 23.578 | S20: 0.918 | T20: 0.004 | U20: 0.034 | X20: 99.868 | Y20: 78.809993 | Z20: 0.42 | AA20: 3.9 | AB20: 1.61 | AC20: 2.28 | AD20: 32.78 | AE20: 0.61 | AF20: 0.57 | AG20: 3.19 | AH20: 343.9 | AI20: 68.88 | AJ20: 100 | AK20: 0.72085612 | AL20: 0.72574214 | AM20: 0.066353692 | AN20: 0.11593799 | BD20: =IF(OR($F20="Core",$F20="Cpx Inclusion"), IF($Y20<67, IF(AO20<>"",AO20,""), IF($Y20>67, IF(AY20<>"",AY20,""), "")), IF(OR($F20="Inner Rim",$F20="Outer Rim",$F20="Microlite"), IF(AT20<>"",AT20,""), IF($F20="Not Categorized","", ""))) | BE20: =IF(OR($F20="Core",$F20="Cpx Inclusion"), IF($Y20<67, IF(AP20<>"",AP20,""), IF($Y20>67, IF(AZ20<>"",AZ20,""), "")), IF(OR($F20="Inner Rim",$F20="Outer Rim",$F20="Microlite"), IF(AU20<>"",AU20,""), IF($F20="Not Categorized","", ""))) | BF20: =IF(OR($F20="Core",$F20="Cpx Inclusion"), IF($Y20<67, IF(AQ20<>"",AQ20,""), IF($Y20>67, IF(BA20<>"",BA20,""), "")), IF(OR($F20="Inner Rim",$F20="Outer Rim",$F20="Microlite"), IF(AV20<>"",AV20,""), IF($F20="Not Categorized","", ""))) | BG20: =IF(OR($F20="Core",$F20="Cpx Inclusion"), IF($Y20<67, IF(AR20<>"",AR20,""), IF($Y20>67, IF(BB20<>"",BB20,""), "")), IF(OR($F20="Inner Rim",$F20="Outer Rim",$F20="Microlite"), IF(AW20<>"",AW20,""), IF($F20="Not Categorized","", ""))) | BH20: =IF(OR($F20="Core",$F20="Cpx Inclusion"), IF($Y20<67, IF(AS20<>"",AS20,""), IF($Y20>67, IF(BC20<>"",BC20,""), "")), IF(OR($F20="Inner Rim",$F20="Outer Rim",$F20="Microlite"), IF(AX20<>"",AX20,""), IF($F20="Not Categorized","", ""))) | BI20: 5.7947203 | BJ20: 5.3746607 | BK20: 6.1418176 | BL20: 1100.9258 | BM20: 1092.2933 | BN20: 1109.3067
A21: 16 | C21: TQ40 | D21: 118466 | E21: 69 | F21: Core | G21: This work | H21: Tajogaite 2021 | I21: 44493 | J21: 44493 | K21: Basanite | L21: 46.23 | M21: 2.889 | N21: 6.788 | O21: 8.012 | P21: 0.195 | Q21: 11.828 | R21: 22.818 | S21: 0.738 | U21: 0.107 | W21: 0.041 | X21: 99.646 | Y21: 72.463599 | Z21: 0.44 | AA21: 3.06 | AB21: 1.23 | AC21: 2 | AD21: 21.13 | AE21: 0.64 | AF21: 0.58 | AG21: 3.71 | AH21: 100 | AI21: 25.15 | AJ21: 98.21 | AK21: 0.69805787 | AL21: 0.66712687 | AM21: 0.054129865 | AN21: 0.12967159 | AT21: 6.4364177 | AU21: 0.87202555 | AV21: 1144.34 | AW21: 16.336547 | AX21: 21 | AY21: 7.2107124 | AZ21: 1.4081257 | BA21: 1113.3056 | BB21: 15.177923 | BC21: 23 | BD21: =IF(OR($F21="Core",$F21="Cpx Inclusion"), IF($Y21<67, IF(AO21<>"",AO21,""), IF($Y21>67, IF(AY21<>"",AY21,""), "")), IF(OR($F21="Inner Rim",$F21="Outer Rim",$F21="Microlite"), IF(AT21<>"",AT21,""), IF($F21="Not Categorized","", ""))) -> 7.2107124 | BE21: =IF(OR($F21="Core",$F21="Cpx Inclusion"), IF($Y21<67, IF(AP21<>"",AP21,""), IF($Y21>67, IF(AZ21<>"",AZ21,""), "")), IF(OR($F21="Inner Rim",$F21="Outer Rim",$F21="Microlite"), IF(AU21<>"",AU21,""), IF($F21="Not Categorized","", ""))) -> 1.4081257 | BF21: =IF(OR($F21="Core",$F21="Cpx Inclusion"), IF($Y21<67, IF(AQ21<>"",AQ21,""), IF($Y21>67, IF(BA21<>"",BA21,""), "")), IF(OR($F21="Inner Rim",$F21="Outer Rim",$F21="Microlite"), IF(AV21<>"",AV21,""), IF($F21="Not Categorized","", ""))) -> 1113.3056 | BG21: =IF(OR($F21="Core",$F21="Cpx Inclusion"), IF($Y21<67, IF(AR21<>"",AR21,""), IF($Y21>67, IF(BB21<>"",BB21,""), "")), IF(OR($F21="Inner Rim",$F21="Outer Rim",$F21="Microlite"), IF(AW21<>"",AW21,""), IF($F21="Not Categorized","", ""))) -> 15.177923 | BH21: =IF(OR($F21="Core",$F21="Cpx Inclusion"), IF($Y21<67, IF(AS21<>"",AS21,""), IF($Y21>67, IF(BC21<>"",BC21,""), "")), IF(OR($F21="Inner Rim",$F21="Outer Rim",$F21="Microlite"), IF(AX21<>"",AX21,""), IF($F21="Not Categorized","", ""))) -> 23 | BI21: 6.9215627 | BJ21: 4.9861516 | BK21: 7.9646443 | BL21: 1106.7029 | BM21: 1100.8376 | BN21: 1113.1702
A22: 17 | C22: TQ14 | D22: 118437 | E22: 93 | F22: Core | G22: This work | H22: Tajogaite 2021 | I22: 44472 | J22: 44472 | K22: Tephrite | L22: 46.312 | M22: 2.755 | N22: 7.37 | O22: 7.326 | P22: 0.147 | Q22: 12.696 | R22: 22.259 | S22: 0.743 | T22: 0.027 | U22: 0.039 | X22: 99.674 | Y22: 75.545183 | Z22: 0.44 | AA22: 2.9 | AB22: 1.14 | AC22: 2.08 | AD22: 31.43 | AE22: 0.63 | AF22: 0.59 | AG22: 3.97 | AH22: 5244.93 | AI22: 47.43 | AJ22: 100 | AK22: 0.70954406 | AL22: 0.71153659 | AM22: 0.054150517 | AN22: 0.098945905 | AT22: 7.0512569 | AU22: 0.57225593 | AV22: 1147.2358 | AW22: 12.055076 | AX22: 886 | AY22: 8.3964275 | AZ22: 0.74694789 | BA22: 1140.2612 | BB22: 13.768831 | BC22: 87 | BD22: =IF(OR($F22="Core",$F22="Cpx Inclusion"), IF($Y22<67, IF(AO22<>"",AO22,""), IF($Y22>67, IF(AY22<>"",AY22,""), "")), IF(OR($F22="Inner Rim",$F22="Outer Rim",$F22="Microlite"), IF(AT22<>"",AT22,""), IF($F22="Not Categorized","", ""))) -> 8.3964275 | BE22: =IF(OR($F22="Core",$F22="Cpx Inclusion"), IF($Y22<67, IF(AP22<>"",AP22,""), IF($Y22>67, IF(AZ22<>"",AZ22,""), "")), IF(OR($F22="Inner Rim",$F22="Outer Rim",$F22="Microlite"), IF(AU22<>"",AU22,""), IF($F22="Not Categorized","", ""))) -> 0.74694789 | BF22: =IF(OR($F22="Core",$F22="Cpx Inclusion"), IF($Y22<67, IF(AQ22<>"",AQ22,""), IF($Y22>67, IF(BA22<>"",BA22,""), "")), IF(OR($F22="Inner Rim",$F22="Outer Rim",$F22="Microlite"), IF(AV22<>"",AV22,""), IF($F22="Not Categorized","", ""))) -> 1140.2612 | BG22: =IF(OR($F22="Core",$F22="Cpx Inclusion"), IF($Y22<67, IF(AR22<>"",AR22,""), IF($Y22>67, IF(BB22<>"",BB22,""), "")), IF(OR($F22="Inner Rim",$F22="Outer Rim",$F22="Microlite"), IF(AW22<>"",AW22,""), IF($F22="Not Categorized","", ""))) -> 13.768831 | BH22: =IF(OR($F22="Core",$F22="Cpx Inclusion"), IF($Y22<67, IF(AS22<>"",AS22,""), IF($Y22>67, IF(BC22<>"",BC22,""), "")), IF(OR($F22="Inner Rim",$F22="Outer Rim",$F22="Microlite"), IF(AX22<>"",AX22,""), IF($F22="Not Categorized","", ""))) -> 87 | BI22: 9.1439772 | BJ22: 7.016181 | BK22: 10.70589 | BL22: 1121.0146 | BM22: 1110.3636 | BN22: 1134.559
A23: 18 | C23: TQ14 | D23: 118437 | E23: 94 | F23: Core | G23: This work | H23: Tajogaite 2021 | I23: 44472 | J23: 44472 | K23: Tephrite | L23: 45.963 | M23: 3.101 | N23: 7.639 | O23: 7.436 | P23: 0.135 | Q23: 12.399 | R23: 22.94 | S23: 0.697 | U23: 0.052 | X23: 100.362 | Y23: 74.825537 | Z23: 0.42 | AA23: 3.7 | AB23: 1.48 | AC23: 2.26 | AD23: 22.98 | AE23: 0.59 | AF23: 0.59 | AG23: 4.61 | AH23: 100 | AI23: 37.09 | AJ23: 134.91 | AK23: 0.69659903 | AL23: 0.69220159 | AM23: 0.050601359 | AN23: 0.093752582 | AT23: 6.799116 | AU23: 0.60266401 | AV23: 1153.8403 | AW23: 12.882462 | AX23: 310 | AY23: 7.8292487 | AZ23: 0.62696799 | BA23: 1129.7781 | BB23: 13.564438 | BC23: 156 | BD23: =IF(OR($F23="Core",$F23="Cpx Inclusion"), IF($Y23<67, IF(AO23<>"",AO23,""), IF($Y23>67, IF(AY23<>"",AY23,""), "")), IF(OR($F23="Inner Rim",$F23="Outer Rim",$F23="Microlite"), IF(AT23<>"",AT23,""), IF($F23="Not Categorized","", ""))) -> 7.8292487 | BE23: =IF(OR($F23="Core",$F23="Cpx Inclusion"), IF($Y23<67, IF(AP23<>"",AP23,""), IF($Y23>67, IF(AZ23<>"",AZ23,""), "")), IF(OR($F23="Inner Rim",$F23="Outer Rim",$F23="Microlite"), IF(AU23<>"",AU23,""), IF($F23="Not Categorized","", ""))) -> 0.62696799 | BF23: =IF(OR($F23="Core",$F23="Cpx Inclusion"), IF($Y23<67, IF(AQ23<>"",AQ23,""), IF($Y23>67, IF(BA23<>"",BA23,""), "")), IF(OR($F23="Inner Rim",$F23="Outer Rim",$F23="Microlite"), IF(AV23<>"",AV23,""), IF($F23="Not Categorized","", ""))) -> 1129.7781 | BG23: =IF(OR($F23="Core",$F23="Cpx Inclusion"), IF($Y23<67, IF(AR23<>"",AR23,""), IF($Y23>67, IF(BB23<>"",BB23,""), "")), IF(OR($F23="Inner Rim",$F23="Outer Rim",$F23="Microlite"), IF(AW23<>"",AW23,""), IF($F23="Not Categorized","", ""))) -> 13.564438 | BH23: =IF(OR($F23="Core",$F23="Cpx Inclusion"), IF($Y23<67, IF(AS23<>"",AS23,""), IF($Y23>67, IF(BC23<>"",BC23,""), "")), IF(OR($F23="Inner Rim",$F23="Outer Rim",$F23="Microlite"), IF(AX23<>"",AX23,""), IF($F23="Not Categorized","", ""))) -> 156 | BI23: 8.116643 | BJ23: 5.5269893 | BK23: 10.185488 | BL23: 1120.5625 | BM23: 1109.4992 | BN23: 1133.5059
A24: 19 | C24: TQ68 | D24: 118627 | E24: 140 | F24: Core | G24: This work | H24: Tajogaite 2021 | I24: 44462 | J24: 44462 | K24: Tephrite | L24: 42.997 | M24: 3.285 | N24: 9.672 | O24: 10.723 | P24: 0.346 | Q24: 8.725 | R24: 22.219 | S24: 0.925 | W24: 0.037 | X24: 98.929 | Y24: 59.190542 | Z24: 0.45 | AA24: 2.79 | AB24: 0.99 | AC24: 1.13 | AD24: 9.25 | AE24: 0.76 | AF24: 0.59 | AG24: 3.33 | AH24: 100 | AI24: 100 | AJ24: 97.61 | AK24: 0.58972654 | AL24: 0.50351047 | AM24: 0.069417388 | AN24: 0.19379033 | AO24: 5.7187369 | AP24: 0.14741347 | AQ24: 1012.7252 | AR24: 3.5425106 | AS24: 56 | AT24: 4.3165828 | AV24: 1123.1155 | AX24: 1 | AY24: 5.7364256 | AZ24: 1.7738649 | BA24: 1094.4946 | BB24: 18.507676 | BC24: 2 | BD24: =IF(OR($F24="Core",$F24="Cpx Inclusion"), IF($Y24<67, IF(AO24<>"",AO24,""), IF($Y24>67, IF(AY24<>"",AY24,""), "")), IF(OR($F24="Inner Rim",$F24="Outer Rim",$F24="Microlite"), IF(AT24<>"",AT24,""), IF($F24="Not Categorized","", ""))) -> 5.7187369 | BE24: =IF(OR($F24="Core",$F24="Cpx Inclusion"), IF($Y24<67, IF(AP24<>"",AP24,""), IF($Y24>67, IF(AZ24<>"",AZ24,""), "")), IF(OR($F24="Inner Rim",$F24="Outer Rim",$F24="Microlite"), IF(AU24<>"",AU24,""), IF($F24="Not Categorized","", ""))) -> 0.14741347 | BF24: =IF(OR($F24="Core",$F24="Cpx Inclusion"), IF($Y24<67, IF(AQ24<>"",AQ24,""), IF($Y24>67, IF(BA24<>"",BA24,""), "")), IF(OR($F24="Inner Rim",$F24="Outer Rim",$F24="Microlite"), IF(AV24<>"",AV24,""), IF($F24="Not Categorized","", ""))) -> 1012.7252 | BG24: =IF(OR($F24="Core",$F24="Cpx Inclusion"), IF($Y24<67, IF(AR24<>"",AR24,""), IF($Y24>67, IF(BB24<>"",BB24,""), "")), IF(OR($F24="Inner Rim",$F24="Outer Rim",$F24="Microlite"), IF(AW24<>"",AW24,""), IF($F24="Not Categorized","", ""))) -> 3.5425106 | BH24: =IF(OR($F24="Core",$F24="Cpx Inclusion"), IF($Y24<67, IF(AS24<>"",AS24,""), IF($Y24>67, IF(BC24<>"",BC24,""), "")), IF(OR($F24="Inner Rim",$F24="Outer Rim",$F24="Microlite"), IF(AX24<>"",AX24,""), IF($F24="Not Categorized","", ""))) -> 56 | BI24: 5.3272868 | BJ24: 4.323803 | BK24: 6.2491687 | BL24: 922.67918 | BM24: 909.0646 | BN24: 938.33555
A25: 20 | C25: TQ8 | D25: 118433 | E25: 152B | F25: Core | G25: This work | H25: Tajogaite 2021 | I25: 44461 | J25: 44461 | K25: Tephrite | L25: 44.254 | M25: 3.156 | N25: 8.598 | O25: 8.003 | P25: 0.237 | Q25: 11.759 | R25: 22.786 | S25: 0.949 | U25: 0.036 | W25: 0.066 | X25: 99.844 | Y25: 72.369182 | Z25: 0.46 | AA25: 2.88 | AB25: 1.14 | AC25: 2.02 | AD25: 18.8 | AE25: 0.67 | AF25: 0.6 | AG25: 3.33 | AH25: 100 | AI25: 73.4 | AJ25: 57.19 | AK25: 0.72207451 | AL25: 0.66465796 | AM25: 0.069755347 | AN25: 0.037595271 | BD25: =IF(OR($F25="Core",$F25="Cpx Inclusion"), IF($Y25<67, IF(AO25<>"",AO25,""), IF($Y25>67, IF(AY25<>"",AY25,""), "")), IF(OR($F25="Inner Rim",$F25="Outer Rim",$F25="Microlite"), IF(AT25<>"",AT25,""), IF($F25="Not Categorized","", ""))) | BE25: =IF(OR($F25="Core",$F25="Cpx Inclusion"), IF($Y25<67, IF(AP25<>"",AP25,""), IF($Y25>67, IF(AZ25<>"",AZ25,""), "")), IF(OR($F25="Inner Rim",$F25="Outer Rim",$F25="Microlite"), IF(AU25<>"",AU25,""), IF($F25="Not Categorized","", ""))) | BF25: =IF(OR($F25="Core",$F25="Cpx Inclusion"), IF($Y25<67, IF(AQ25<>"",AQ25,""), IF($Y25>67, IF(BA25<>"",BA25,""), "")), IF(OR($F25="Inner Rim",$F25="Outer Rim",$F25="Microlite"), IF(AV25<>"",AV25,""), IF($F25="Not Categorized","", ""))) | BG25: =IF(OR($F25="Core",$F25="Cpx Inclusion"), IF($Y25<67, IF(AR25<>"",AR25,""), IF($Y25>67, IF(BB25<>"",BB25,""), "")), IF(OR($F25="Inner Rim",$F25="Outer Rim",$F25="Microlite"), IF(AW25<>"",AW25,""), IF($F25="Not Categorized","", ""))) | BH25: =IF(OR($F25="Core",$F25="Cpx Inclusion"), IF($Y25<67, IF(AS25<>"",AS25,""), IF($Y25>67, IF(BC25<>"",BC25,""), "")), IF(OR($F25="Inner Rim",$F25="Outer Rim",$F25="Microlite"), IF(AX25<>"",AX25,""), IF($F25="Not Categorized","", ""))) | BI25: 11.651727 | BJ25: 10.492808 | BK25: 12.500165 | BL25: 1120.2402 | BM25: 1108.8369 | BN25: 1130.5906
A26: 21 | C26: TQ2 | E26: 31 | F26: Core | G26: This work | H26: Tajogaite 2021 | I26: 44459 | J26: 44460 | K26: Tephrite | L26: 44.662 | M26: 3.296 | N26: 8.604 | O26: 6.937 | P26: 0.18 | Q26: 12.812 | R26: 22.286 | S26: 0.67 | T26: 0.002 | U26: 0.269 | X26: 99.718 | Y26: 76.701981 | Z26: 0.42 | AA26: 3.6 | AB26: 1.49 | AC26: 2.24 | AD26: 39.11 | AE26: 0.58 | AF26: 0.58 | AG26: 5.1 | AH26: 325.72 | AI26: 74.97 | AJ26: 100 | AK26: 0.6888961 | AL26: 0.71900273 | AM26: 0.048895837 | AN26: 0.058082132 | BD26: =IF(OR($F26="Core",$F26="Cpx Inclusion"), IF($Y26<67, IF(AO26<>"",AO26,""), IF($Y26>67, IF(AY26<>"",AY26,""), "")), IF(OR($F26="Inner Rim",$F26="Outer Rim",$F26="Microlite"), IF(AT26<>"",AT26,""), IF($F26="Not Categorized","", ""))) | BE26: =IF(OR($F26="Core",$F26="Cpx Inclusion"), IF($Y26<67, IF(AP26<>"",AP26,""), IF($Y26>67, IF(AZ26<>"",AZ26,""), "")), IF(OR($F26="Inner Rim",$F26="Outer Rim",$F26="Microlite"), IF(AU26<>"",AU26,""), IF($F26="Not Categorized","", ""))) | BF26: =IF(OR($F26="Core",$F26="Cpx Inclusion"), IF($Y26<67, IF(AQ26<>"",AQ26,""), IF($Y26>67, IF(BA26<>"",BA26,""), "")), IF(OR($F26="Inner Rim",$F26="Outer Rim",$F26="Microlite"), IF(AV26<>"",AV26,""), IF($F26="Not Categorized","", ""))) | BG26: =IF(OR($F26="Core",$F26="Cpx Inclusion"), IF($Y26<67, IF(AR26<>"",AR26,""), IF($Y26>67, IF(BB26<>"",BB26,""), "")), IF(OR($F26="Inner Rim",$F26="Outer Rim",$F26="Microlite"), IF(AW26<>"",AW26,""), IF($F26="Not Categorized","", ""))) | BH26: =IF(OR($F26="Core",$F26="Cpx Inclusion"), IF($Y26<67, IF(AS26<>"",AS26,""), IF($Y26>67, IF(BC26<>"",BC26,""), "")), IF(OR($F26="Inner Rim",$F26="Outer Rim",$F26="Microlite"), IF(AX26<>"",AX26,""), IF($F26="Not Categorized","", ""))) | BI26: 6.8221415 | BJ26: 4.5772556 | BK26: 8.5732633 | BL26: 1129.5454 | BM26: 1120.4577 | BN26: 1139.2648
A27: 22 | C27: TQ2 | E27: 32 | F27: Core | G27: This work | H27: Tajogaite 2021 | I27: 44459 | J27: 44460 | K27: Tephrite | L27: 48.582 | M27: 2.137 | N27: 4.546 | O27: 6.14 | P27: 0.116 | Q27: 14.642 | R27: 22.789 | S27: 0.456 | T27: 0.004 | U27: 0.034 | X27: 99.446 | Y27: 80.955415 | Z27: 0.44 | AA27: 2.74 | AB27: 1.11 | AC27: 2.13 | AD27: 35.33 | AE27: 0.63 | AF27: 0.58 | AG27: 4.25 | AH27: 100 | AI27: 96.48 | AJ27: 100 | AK27: 0.73378726 | AL27: 0.81665657 | AM27: 0.033074049 | AN27: 0.080376079 | BD27: =IF(OR($F27="Core",$F27="Cpx Inclusion"), IF($Y27<67, IF(AO27<>"",AO27,""), IF($Y27>67, IF(AY27<>"",AY27,""), "")), IF(OR($F27="Inner Rim",$F27="Outer Rim",$F27="Microlite"), IF(AT27<>"",AT27,""), IF($F27="Not Categorized","", ""))) | BE27: =IF(OR($F27="Core",$F27="Cpx Inclusion"), IF($Y27<67, IF(AP27<>"",AP27,""), IF($Y27>67, IF(AZ27<>"",AZ27,""), "")), IF(OR($F27="Inner Rim",$F27="Outer Rim",$F27="Microlite"), IF(AU27<>"",AU27,""), IF($F27="Not Categorized","", ""))) | BF27: =IF(OR($F27="Core",$F27="Cpx Inclusion"), IF($Y27<67, IF(AQ27<>"",AQ27,""), IF($Y27>67, IF(BA27<>"",BA27,""), "")), IF(OR($F27="Inner Rim",$F27="Outer Rim",$F27="Microlite"), IF(AV27<>"",AV27,""), IF($F27="Not Categorized","", ""))) | BG27: =IF(OR($F27="Core",$F27="Cpx Inclusion"), IF($Y27<67, IF(AR27<>"",AR27,""), IF($Y27>67, IF(BB27<>"",BB27,""), "")), IF(OR($F27="Inner Rim",$F27="Outer Rim",$F27="Microlite"), IF(AW27<>"",AW27,""), IF($F27="Not Categorized","", ""))) | BH27: =IF(OR($F27="Core",$F27="Cpx Inclusion"), IF($Y27<67, IF(AS27<>"",AS27,""), IF($Y27>67, IF(BC27<>"",BC27,""), "")), IF(OR($F27="Inner Rim",$F27="Outer Rim",$F27="Microlite"), IF(AX27<>"",AX27,""), IF($F27="Not Categorized","", ""))) | BI27: 2.4677051 | BJ27: 2.036316 | BK27: 2.9098048 | BL27: 1086.7892 | BM27: 1080.8983 | BN27: 1093.5889
A28: 23 | C28: TQ2 | E28: 33 | F28: Core | G28: This work | H28: Tajogaite 2021 | I28: 44459 | J28: 44460 | K28: Tephrite | L28: 44.779 | M28: 3.539 | N28: 8.023 | O28: 6.801 | P28: 0.109 | Q28: 12.641 | R28: 22.277 | S28: 0.595 | U28: 0.026 | X28: 98.79 | Y28: 76.815495 | Z28: 0.48 | AA28: 1.99 | AB28: 0.86 | AC28: 1.63 | AD28: 26.27 | AE28: 0.65 | AF28: 0.79 | AG28: 1.77 | AH28: 2.89 | AI28: 184.93 | AJ28: 100 | AK28: 0.6933113 | AL28: 0.71491469 | AM28: 0.043759588 | AN28: 0.090965527 | BD28: =IF(OR($F28="Core",$F28="Cpx Inclusion"), IF($Y28<67, IF(AO28<>"",AO28,""), IF($Y28>67, IF(AY28<>"",AY28,""), "")), IF(OR($F28="Inner Rim",$F28="Outer Rim",$F28="Microlite"), IF(AT28<>"",AT28,""), IF($F28="Not Categorized","", ""))) | BE28: =IF(OR($F28="Core",$F28="Cpx Inclusion"), IF($Y28<67, IF(AP28<>"",AP28,""), IF($Y28>67, IF(AZ28<>"",AZ28,""), "")), IF(OR($F28="Inner Rim",$F28="Outer Rim",$F28="Microlite"), IF(AU28<>"",AU28,""), IF($F28="Not Categorized","", ""))) | BF28: =IF(OR($F28="Core",$F28="Cpx Inclusion"), IF($Y28<67, IF(AQ28<>"",AQ28,""), IF($Y28>67, IF(BA28<>"",BA28,""), "")), IF(OR($F28="Inner Rim",$F28="Outer Rim",$F28="Microlite"), IF(AV28<>"",AV28,""), IF($F28="Not Categorized","", ""))) | BG28: =IF(OR($F28="Core",$F28="Cpx Inclusion"), IF($Y28<67, IF(AR28<>"",AR28,""), IF($Y28>67, IF(BB28<>"",BB28,""), "")), IF(OR($F28="Inner Rim",$F28="Outer Rim",$F28="Microlite"), IF(AW28<>"",AW28,""), IF($F28="Not Categorized","", ""))) | BH28: =IF(OR($F28="Core",$F28="Cpx Inclusion"), IF($Y28<67, IF(AS28<>"",AS28,""), IF($Y28>67, IF(BC28<>"",BC28,""), "")), IF(OR($F28="Inner Rim",$F28="Outer Rim",$F28="Microlite"), IF(AX28<>"",AX28,""), IF($F28="Not Categorized","", ""))) | BI28: 3.8348736 | BJ28: 2.114829 | BK28: 6.0116551 | BL28: 1135.2944 | BM28: 1124.5764 | BN28: 1146.9389
A29: 24 | C29: IGME01 | D29: 118509 | E29: 138 | F29: Core | G29: This work | H29: Tajogaite 2021 | I29: 44458 | J29: 44458 | K29: Tephrite | L29: 45.583 | M29: 2.504 | N29: 9.068 | O29: 7.071 | P29: 0.114 | Q29: 12.185 | R29: 21.948 | S29: 0.733 | U29: 0.701 | W29: 0.041 | X29: 99.948 | Y29: 75.440586 | Z29: 0.46 | AA29: 2.92 | AB29: 1.1 | AC29: 1.42 | AD29: 22.78 | AE29: 0.65 | AF29: 0.59 | AG29: 4.18 | AH29: 100 | AI29: 19.29 | AJ29: 169.34 | AK29: 0.6682319 | AL29: 0.68039123 | AM29: 0.053225607 | AN29: 0.10929776 | AT29: 6.9521147 | AU29: 0.5898849 | AV29: 1144.3841 | AW29: 11.928228 | AX29: 919 | AY29: 9.2067747 | AZ29: 0.85690106 | BA29: 1167.7257 | BB29: 21.432673 | BC29: 928 | BD29: =IF(OR($F29="Core",$F29="Cpx Inclusion"), IF($Y29<67, IF(AO29<>"",AO29,""), IF($Y29>67, IF(AY29<>"",AY29,""), "")), IF(OR($F29="Inner Rim",$F29="Outer Rim",$F29="Microlite"), IF(AT29<>"",AT29,""), IF($F29="Not Categorized","", ""))) -> 9.2067747 | BE29: =IF(OR($F29="Core",$F29="Cpx Inclusion"), IF($Y29<67, IF(AP29<>"",AP29,""), IF($Y29>67, IF(AZ29<>"",AZ29,""), "")), IF(OR($F29="Inner Rim",$F29="Outer Rim",$F29="Microlite"), IF(AU29<>"",AU29,""), IF($F29="Not Categorized","", ""))) -> 0.85690106 | BF29: =IF(OR($F29="Core",$F29="Cpx Inclusion"), IF($Y29<67, IF(AQ29<>"",AQ29,""), IF($Y29>67, IF(BA29<>"",BA29,""), "")), IF(OR($F29="Inner Rim",$F29="Outer Rim",$F29="Microlite"), IF(AV29<>"",AV29,""), IF($F29="Not Categorized","", ""))) -> 1167.7257 | BG29: =IF(OR($F29="Core",$F29="Cpx Inclusion"), IF($Y29<67, IF(AR29<>"",AR29,""), IF($Y29>67, IF(BB29<>"",BB29,""), "")), IF(OR($F29="Inner Rim",$F29="Outer Rim",$F29="Microlite"), IF(AW29<>"",AW29,""), IF($F29="Not Categorized","", ""))) -> 21.432673 | BH29: =IF(OR($F29="Core",$F29="Cpx Inclusion"), IF($Y29<67, IF(AS29<>"",AS29,""), IF($Y29>67, IF(BC29<>"",BC29,""), "")), IF(OR($F29="Inner Rim",$F29="Outer Rim",$F29="Microlite"), IF(AX29<>"",AX29,""), IF($F29="Not Categorized","", ""))) -> 928 | BI29: 11.817486 | BJ29: 10.146798 | BK29: 13.164605 | BL29: 1151.7629 | BM29: 1140.6059 | BN29: 1162.4206
A30: 25 | C30: IGME01 | D30: 118509 | E30: 139 | F30: Core | G30: This work | H30: Tajogaite 2021 | I30: 44458 | J30: 44458 | K30: Tephrite | L30: 45.299 | M30: 3.093 | N30: 8.582 | O30: 7.137 | P30: 0.132 | Q30: 11.863 | R30: 22.352 | S30: 0.641 | U30: 0.159 | W30: 0.021 | X30: 99.279 | Y30: 74.766136 | Z30: 0.48 | AA30: 2.15 | AB30: 0.98 | AC30: 1.38 | AD30: 22 | AE30: 0.7 | AF30: 0.6 | AG30: 4.57 | AH30: 140.28 | AI30: 100 | AJ30: 164.75 | AK30: 0.70343319 | AL30: 0.66762008 | AM30: 0.04691118 | AN30: 0.13139808 | AT30: 7.1066679 | AU30: 0.58245297 | AV30: 1149.0827 | AW30: 11.286916 | AX30: 899 | AY30: 8.0172685 | AZ30: 0.74959246 | BA30: 1145.372 | BB30: 18.929868 | BC30: 904 | BD30: =IF(OR($F30="Core",$F30="Cpx Inclusion"), IF($Y30<67, IF(AO30<>"",AO30,""), IF($Y30>67, IF(AY30<>"",AY30,""), "")), IF(OR($F30="Inner Rim",$F30="Outer Rim",$F30="Microlite"), IF(AT30<>"",AT30,""), IF($F30="Not Categorized","", ""))) -> 8.0172685 | BE30: =IF(OR($F30="Core",$F30="Cpx Inclusion"), IF($Y30<67, IF(AP30<>"",AP30,""), IF($Y30>67, IF(AZ30<>"",AZ30,""), "")), IF(OR($F30="Inner Rim",$F30="Outer Rim",$F30="Microlite"), IF(AU30<>"",AU30,""), IF($F30="Not Categorized","", ""))) -> 0.74959246 | BF30: =IF(OR($F30="Core",$F30="Cpx Inclusion"), IF($Y30<67, IF(AQ30<>"",AQ30,""), IF($Y30>67, IF(BA30<>"",BA30,""), "")), IF(OR($F30="Inner Rim",$F30="Outer Rim",$F30="Microlite"), IF(AV30<>"",AV30,""), IF($F30="Not Categorized","", ""))) -> 1145.372 | BG30: =IF(OR($F30="Core",$F30="Cpx Inclusion"), IF($Y30<67, IF(AR30<>"",AR30,""), IF($Y30>67, IF(BB30<>"",BB30,""), "")), IF(OR($F30="Inner Rim",$F30="Outer Rim",$F30="Microlite"), IF(AW30<>"",AW30,""), IF($F30="Not Categorized","", ""))) -> 18.929868 | BH30: =IF(OR($F30="Core",$F30="Cpx Inclusion"), IF($Y30<67, IF(AS30<>"",AS30,""), IF($Y30>67, IF(BC30<>"",BC30,""), "")), IF(OR($F30="Inner Rim",$F30="Outer Rim",$F30="Microlite"), IF(AX30<>"",AX30,""), IF($F30="Not Categorized","", ""))) -> 904 | BI30: 6.4921849 | BJ30: 3.7711639 | BK30: 9.3900468 | BL30: 1136.5433 | BM30: 1125.3689 | BN30: 1148.5922
A31: 26 | C31: TQ66 | D31: 118606 | E31: 10 | F31: Core | G31: This work | H31: Tajogaite 2021 | I31: 44543 | J31: 44543 | K31: Basanite | L31: 49.553 | M31: 1.256 | N31: 4.459 | O31: 10.129 | P31: 0.253 | Q31: 10.72 | R31: 22.754 | S31: 1.358 | U31: 0.045 | X31: 100.527 | Y31: 65.356685 | Z31: 0.42 | AA31: 4.78 | AB31: 1.49 | AC31: 1.75 | AD31: 17.73 | AE31: 0.69 | AF31: 0.59 | AG31: 2.62 | AH31: 100 | AI31: 58.88 | AJ31: 100 | AK31: 0.66875939 | AL31: 0.60198034 | AM31: 0.099167819 | AN31: 0.18150199 | AO31: 4.9824514 | AP31: 0.13042416 | AQ31: 1008.4098 | AR31: 4.2165504 | AS31: 998 | BD31: =IF(OR($F31="Core",$F31="Cpx Inclusion"), IF($Y31<67, IF(AO31<>"",AO31,""), IF($Y31>67, IF(AY31<>"",AY31,""), "")), IF(OR($F31="Inner Rim",$F31="Outer Rim",$F31="Microlite"), IF(AT31<>"",AT31,""), IF($F31="Not Categorized","", ""))) -> 4.9824514 | BE31: =IF(OR($F31="Core",$F31="Cpx Inclusion"), IF($Y31<67, IF(AP31<>"",AP31,""), IF($Y31>67, IF(AZ31<>"",AZ31,""), "")), IF(OR($F31="Inner Rim",$F31="Outer Rim",$F31="Microlite"), IF(AU31<>"",AU31,""), IF($F31="Not Categorized","", ""))) -> 0.13042416 | BF31: =IF(OR($F31="Core",$F31="Cpx Inclusion"), IF($Y31<67, IF(AQ31<>"",AQ31,""), IF($Y31>67, IF(BA31<>"",BA31,""), "")), IF(OR($F31="Inner Rim",$F31="Outer Rim",$F31="Microlite"), IF(AV31<>"",AV31,""), IF($F31="Not Categorized","", ""))) -> 1008.4098 | BG31: =IF(OR($F31="Core",$F31="Cpx Inclusion"), IF($Y31<67, IF(AR31<>"",AR31,""), IF($Y31>67, IF(BB31<>"",BB31,""), "")), IF(OR($F31="Inner Rim",$F31="Outer Rim",$F31="Microlite"), IF(AW31<>"",AW31,""), IF($F31="Not Categorized","", ""))) -> 4.2165504 | BH31: =IF(OR($F31="Core",$F31="Cpx Inclusion"), IF($Y31<67, IF(AS31<>"",AS31,""), IF($Y31>67, IF(BC31<>"",BC31,""), "")), IF(OR($F31="Inner Rim",$F31="Outer Rim",$F31="Microlite"), IF(AX31<>"",AX31,""), IF($F31="Not Categorized","", ""))) -> 998 | BI31: 5.8580642 | BJ31: 5.4981748 | BK31: 6.2312624 | BL31: 1003.0765 | BM31: 987.21731 | BN31: 1014.8499
A32: 27 | C32: TQ66 | D32: 118606 | E32: 11 | F32: Core | G32: This work | H32: Tajogaite 2021 | I32: 44543 | J32: 44543 | K32: Basanite | L32: 47.709 | M32: 1.914 | N32: 5.552 | O32: 10.222 | P32: 0.303 | Q32: 10.277 | R32: 22.707 | S32: 1.258 | U32: 0.054 | X32: 99.996 | Y32: 64.185225 | Z32: 0.43 | AA32: 3.71 | AB32: 1.33 | AC32: 1.74 | AD32: 14.77 | AE32: 0.71 | AF32: 0.59 | AG32: 2.74 | AH32: 100 | AI32: 47.63 | AJ32: 100 | AK32: 0.67322469 | AL32: 0.58237941 | AM32: 0.092705129 | AN32: 0.17356026 | AO32: 4.901525 | AP32: 0.12902608 | AQ32: 1009.7391 | AR32: 4.2123043 | AS32: 998 | BD32: =IF(OR($F32="Core",$F32="Cpx Inclusion"), IF($Y32<67, IF(AO32<>"",AO32,""), IF($Y32>67, IF(AY32<>"",AY32,""), "")), IF(OR($F32="Inner Rim",$F32="Outer Rim",$F32="Microlite"), IF(AT32<>"",AT32,""), IF($F32="Not Categorized","", ""))) -> 4.901525 | BE32: =IF(OR($F32="Core",$F32="Cpx Inclusion"), IF($Y32<67, IF(AP32<>"",AP32,""), IF($Y32>67, IF(AZ32<>"",AZ32,""), "")), IF(OR($F32="Inner Rim",$F32="Outer Rim",$F32="Microlite"), IF(AU32<>"",AU32,""), IF($F32="Not Categorized","", ""))) -> 0.12902608 | BF32: =IF(OR($F32="Core",$F32="Cpx Inclusion"), IF($Y32<67, IF(AQ32<>"",AQ32,""), IF($Y32>67, IF(BA32<>"",BA32,""), "")), IF(OR($F32="Inner Rim",$F32="Outer Rim",$F32="Microlite"), IF(AV32<>"",AV32,""), IF($F32="Not Categorized","", ""))) -> 1009.7391 | BG32: =IF(OR($F32="Core",$F32="Cpx Inclusion"), IF($Y32<67, IF(AR32<>"",AR32,""), IF($Y32>67, IF(BB32<>"",BB32,""), "")), IF(OR($F32="Inner Rim",$F32="Outer Rim",$F32="Microlite"), IF(AW32<>"",AW32,""), IF($F32="Not Categorized","", ""))) -> 4.2123043 | BH32: =IF(OR($F32="Core",$F32="Cpx Inclusion"), IF($Y32<67, IF(AS32<>"",AS32,""), IF($Y32>67, IF(BC32<>"",BC32,""), "")), IF(OR($F32="Inner Rim",$F32="Outer Rim",$F32="Microlite"), IF(AX32<>"",AX32,""), IF($F32="Not Categorized","", ""))) -> 998 | BI32: 7.0014229 | BJ32: 6.1943679 | BK32: 7.8843076 | BL32: 1008.558 | BM32: 995.79878 | BN32: 1022.9101
A33: 28 | C33: TQ66 | D33: 118606 | E33: 12 | F33: Core | G33: This work | H33: Tajogaite 2021 | I33: 44543 | J33: 44543 | K33: Basanite | L33: 47.083 | M33: 2.744 | N33: 6.71 | O33: 6.378 | P33: 0.109 | Q33: 13.09 | R33: 23.608 | S33: 0.452 | T33: 0.009 | U33: 0.162 | W33: 0.031 | X33: 100.376 | Y33: 78.533646 | Z33: 0.43 | AA33: 3 | AB33: 1.2 | AC33: 2.22 | AD33: 35.28 | AE33: 0.61 | AF33: 0.57 | AG33: 5.14 | AH33: 136.4 | AI33: 18.38 | AJ33: 104.63 | AK33: 0.71491546 | AL33: 0.72715419 | AM33: 0.032651923 | AN33: 0.094750219 | AT33: 5.6025231 | AU33: 0.58918764 | AV33: 1145.5044 | AW33: 15.128674 | AX33: 114 | BD33: =IF(OR($F33="Core",$F33="Cpx Inclusion"), IF($Y33<67, IF(AO33<>"",AO33,""), IF($Y33>67, IF(AY33<>"",AY33,""), "")), IF(OR($F33="Inner Rim",$F33="Outer Rim",$F33="Microlite"), IF(AT33<>"",AT33,""), IF($F33="Not Categorized","", ""))) | BE33: =IF(OR($F33="Core",$F33="Cpx Inclusion"), IF($Y33<67, IF(AP33<>"",AP33,""), IF($Y33>67, IF(AZ33<>"",AZ33,""), "")), IF(OR($F33="Inner Rim",$F33="Outer Rim",$F33="Microlite"), IF(AU33<>"",AU33,""), IF($F33="Not Categorized","", ""))) | BF33: =IF(OR($F33="Core",$F33="Cpx Inclusion"), IF($Y33<67, IF(AQ33<>"",AQ33,""), IF($Y33>67, IF(BA33<>"",BA33,""), "")), IF(OR($F33="Inner Rim",$F33="Outer Rim",$F33="Microlite"), IF(AV33<>"",AV33,""), IF($F33="Not Categorized","", ""))) | BG33: =IF(OR($F33="Core",$F33="Cpx Inclusion"), IF($Y33<67, IF(AR33<>"",AR33,""), IF($Y33>67, IF(BB33<>"",BB33,""), "")), IF(OR($F33="Inner Rim",$F33="Outer Rim",$F33="Microlite"), IF(AW33<>"",AW33,""), IF($F33="Not Categorized","", ""))) | BH33: =IF(OR($F33="Core",$F33="Cpx Inclusion"), IF($Y33<67, IF(AS33<>"",AS33,""), IF($Y33>67, IF(BC33<>"",BC33,""), "")), IF(OR($F33="Inner Rim",$F33="Outer Rim",$F33="Microlite"), IF(AX33<>"",AX33,""), IF($F33="Not Categorized","", ""))) | BI33: 0.87351891 | BJ33: 0.49130568 | BK33: 1.3677792 | BL33: 1120.1235 | BM33: 1109.6198 | BN33: 1130.7308
A34: 29 | C34: TQ66 | D34: 118606 | E34: 13 | F34: Core | G34: This work | H34: Tajogaite 2021 | I34: 44543 | J34: 44543 | K34: Basanite | L34: 46.333 | M34: 2.688 | N34: 6.369 | O34: 7.462 | P34: 0.272 | Q34: 12.224 | R34: 23.529 | S34: 0.765 | U34: 0.023 | X34: 99.665 | Y34: 74.490566 | Z34: 0.44 | AA34: 3.04 | AB34: 1.23 | AC34: 2.05 | AD34: 16.81 | AE34: 0.64 | AF34: 0.58 | AG34: 3.6 | AH34: 100 | AI34: 113.33 | AJ34: 100 | AK34: 0.71073447 | AL34: 0.68925835 | AM34: 0.056093637 | AN34: 0.073120779 | BD34: =IF(OR($F34="Core",$F34="Cpx Inclusion"), IF($Y34<67, IF(AO34<>"",AO34,""), IF($Y34>67, IF(AY34<>"",AY34,""), "")), IF(OR($F34="Inner Rim",$F34="Outer Rim",$F34="Microlite"), IF(AT34<>"",AT34,""), IF($F34="Not Categorized","", ""))) | BE34: =IF(OR($F34="Core",$F34="Cpx Inclusion"), IF($Y34<67, IF(AP34<>"",AP34,""), IF($Y34>67, IF(AZ34<>"",AZ34,""), "")), IF(OR($F34="Inner Rim",$F34="Outer Rim",$F34="Microlite"), IF(AU34<>"",AU34,""), IF($F34="Not Categorized","", ""))) | BF34: =IF(OR($F34="Core",$F34="Cpx Inclusion"), IF($Y34<67, IF(AQ34<>"",AQ34,""), IF($Y34>67, IF(BA34<>"",BA34,""), "")), IF(OR($F34="Inner Rim",$F34="Outer Rim",$F34="Microlite"), IF(AV34<>"",AV34,""), IF($F34="Not Categorized","", ""))) | BG34: =IF(OR($F34="Core",$F34="Cpx Inclusion"), IF($Y34<67, IF(AR34<>"",AR34,""), IF($Y34>67, IF(BB34<>"",BB34,""), "")), IF(OR($F34="Inner Rim",$F34="Outer Rim",$F34="Microlite"), IF(AW34<>"",AW34,""), IF($F34="Not Categorized","", ""))) | BH34: =IF(OR($F34="Core",$F34="Cpx Inclusion"), IF($Y34<67, IF(AS34<>"",AS34,""), IF($Y34>67, IF(BC34<>"",BC34,""), "")), IF(OR($F34="Inner Rim",$F34="Outer Rim",$F34="Microlite"), IF(AX34<>"",AX34,""), IF($F34="Not Categorized","", ""))) | BI34: 7.5210619 | BJ34: 5.9960784 | BK34: 8.5652045 | BL34: 1079.9636 | BM34: 1053.9734 | BN34: 1102.5205
A35: 30 | C35: TQ66 | D35: 118606 | E35: 20 | F35: Core | G35: This work | H35: Tajogaite 2021 | I35: 44543 | J35: 44543 | K35: Basanite | L35: 46.473 | M35: 2.297 | N35: 7.218 | O35: 7.892 | P35: 0.134 | Q35: 11.689 | R35: 23.23 | S35: 0.803 | T35: 0.013 | U35: 0.128 | X35: 99.877 | Y35: 72.52879 | Z35: 0.43 | AA35: 3.33 | AB35: 1.16 | AC35: 1.98 | AD35: 30.7 | AE35: 0.65 | AF35: 0.58 | AG35: 3.5 | AH35: 95.29 | AI35: 20.55 | AJ35: 100 | AK35: 0.70342529 | AL35: 0.65707458 | AM35: 0.05869976 | AN35: 0.10212532 | BD35: =IF(OR($F35="Core",$F35="Cpx Inclusion"), IF($Y35<67, IF(AO35<>"",AO35,""), IF($Y35>67, IF(AY35<>"",AY35,""), "")), IF(OR($F35="Inner Rim",$F35="Outer Rim",$F35="Microlite"), IF(AT35<>"",AT35,""), IF($F35="Not Categorized","", ""))) | BE35: =IF(OR($F35="Core",$F35="Cpx Inclusion"), IF($Y35<67, IF(AP35<>"",AP35,""), IF($Y35>67, IF(AZ35<>"",AZ35,""), "")), IF(OR($F35="Inner Rim",$F35="Outer Rim",$F35="Microlite"), IF(AU35<>"",AU35,""), IF($F35="Not Categorized","", ""))) | BF35: =IF(OR($F35="Core",$F35="Cpx Inclusion"), IF($Y35<67, IF(AQ35<>"",AQ35,""), IF($Y35>67, IF(BA35<>"",BA35,""), "")), IF(OR($F35="Inner Rim",$F35="Outer Rim",$F35="Microlite"), IF(AV35<>"",AV35,""), IF($F35="Not Categorized","", ""))) | BG35: =IF(OR($F35="Core",$F35="Cpx Inclusion"), IF($Y35<67, IF(AR35<>"",AR35,""), IF($Y35>67, IF(BB35<>"",BB35,""), "")), IF(OR($F35="Inner Rim",$F35="Outer Rim",$F35="Microlite"), IF(AW35<>"",AW35,""), IF($F35="Not Categorized","", ""))) | BH35: =IF(OR($F35="Core",$F35="Cpx Inclusion"), IF($Y35<67, IF(AS35<>"",AS35,""), IF($Y35>67, IF(BC35<>"",BC35,""), "")), IF(OR($F35="Inner Rim",$F35="Outer Rim",$F35="Microlite"), IF(AX35<>"",AX35,""), IF($F35="Not Categorized","", ""))) | BI35: 9.4958 | BJ35: 8.2372678 | BK35: 10.708417 | BL35: 1109.3706 | BM35: 1101.7953 | BN35: 1117.9436
A36: 31 | C36: TQ66 | D36: 118606 | E36: 21 | F36: Core | G36: This work | H36: Tajogaite 2021 | I36: 44543 | J36: 44543 | K36: Basanite | L36: 46.314 | M36: 2.263 | N36: 7.172 | O36: 9.137 | P36: 0.159 | Q36: 10.615 | R36: 23.031 | S36: 1.034 | U36: 0.042 | X36: 99.767 | Y36: 67.436236 | Z36: 0.43 | AA36: 3.37 | AB36: 1.16 | AC36: 1.84 | AD36: 27.27 | AE36: 0.69 | AF36: 0.58 | AG36: 3.04 | AH36: 100 | AI36: 58.47 | AJ36: 100 | AK36: 0.69155421 | AL36: 0.60081323 | AM36: 0.076106807 | AN36: 0.1314821 | BD36: =IF(OR($F36="Core",$F36="Cpx Inclusion"), IF($Y36<67, IF(AO36<>"",AO36,""), IF($Y36>67, IF(AY36<>"",AY36,""), "")), IF(OR($F36="Inner Rim",$F36="Outer Rim",$F36="Microlite"), IF(AT36<>"",AT36,""), IF($F36="Not Categorized","", ""))) | BE36: =IF(OR($F36="Core",$F36="Cpx Inclusion"), IF($Y36<67, IF(AP36<>"",AP36,""), IF($Y36>67, IF(AZ36<>"",AZ36,""), "")), IF(OR($F36="Inner Rim",$F36="Outer Rim",$F36="Microlite"), IF(AU36<>"",AU36,""), IF($F36="Not Categorized","", ""))) | BF36: =IF(OR($F36="Core",$F36="Cpx Inclusion"), IF($Y36<67, IF(AQ36<>"",AQ36,""), IF($Y36>67, IF(BA36<>"",BA36,""), "")), IF(OR($F36="Inner Rim",$F36="Outer Rim",$F36="Microlite"), IF(AV36<>"",AV36,""), IF($F36="Not Categorized","", ""))) | BG36: =IF(OR($F36="Core",$F36="Cpx Inclusion"), IF($Y36<67, IF(AR36<>"",AR36,""), IF($Y36>67, IF(BB36<>"",BB36,""), "")), IF(OR($F36="Inner Rim",$F36="Outer Rim",$F36="Microlite"), IF(AW36<>"",AW36,""), IF($F36="Not Categorized","", ""))) | BH36: =IF(OR($F36="Core",$F36="Cpx Inclusion"), IF($Y36<67, IF(AS36<>"",AS36,""), IF($Y36>67, IF(BC36<>"",BC36,""), "")), IF(OR($F36="Inner Rim",$F36="Outer Rim",$F36="Microlite"), IF(AX36<>"",AX36,""), IF($F36="Not Categorized","", ""))) | BI36: 9.9963322 | BJ36: 9.2972078 | BK36: 10.686818 | BL36: 1081.829 | BM36: 1062.8567 | BN36: 1091.4483
A37: 32 | C37: TQ66 | D37: 118606 | E37: 27 | F37: Core | G37: This work | H37: Tajogaite 2021 | I37: 44543 | J37: 44543 | K37: Basanite | L37: 45.102 | M37: 2.561 | N37: 8.198 | O37: 9.099 | P37: 0.312 | Q37: 9.602 | R37: 23.159 | S37: 1.024 | U37: 0.062 | W37: 0.012 | X37: 99.131 | Y37: 65.290957 | Z37: 0.44 | AA37: 3.11 | AB37: 1.08 | AC37: 1.84 | AD37: 15.07 | AE37: 0.73 | AF37: 0.58 | AG37: 3.03 | AH37: 100 | AI37: 41.61 | AJ37: 290.52 | AK37: 0.70561331 | AL37: 0.54841602 | AM37: 0.076055716 | AN37: 0.14889554 | BD37: =IF(OR($F37="Core",$F37="Cpx Inclusion"), IF($Y37<67, IF(AO37<>"",AO37,""), IF($Y37>67, IF(AY37<>"",AY37,""), "")), IF(OR($F37="Inner Rim",$F37="Outer Rim",$F37="Microlite"), IF(AT37<>"",AT37,""), IF($F37="Not Categorized","", ""))) | BE37: =IF(OR($F37="Core",$F37="Cpx Inclusion"), IF($Y37<67, IF(AP37<>"",AP37,""), IF($Y37>67, IF(AZ37<>"",AZ37,""), "")), IF(OR($F37="Inner Rim",$F37="Outer Rim",$F37="Microlite"), IF(AU37<>"",AU37,""), IF($F37="Not Categorized","", ""))) | BF37: =IF(OR($F37="Core",$F37="Cpx Inclusion"), IF($Y37<67, IF(AQ37<>"",AQ37,""), IF($Y37>67, IF(BA37<>"",BA37,""), "")), IF(OR($F37="Inner Rim",$F37="Outer Rim",$F37="Microlite"), IF(AV37<>"",AV37,""), IF($F37="Not Categorized","", ""))) | BG37: =IF(OR($F37="Core",$F37="Cpx Inclusion"), IF($Y37<67, IF(AR37<>"",AR37,""), IF($Y37>67, IF(BB37<>"",BB37,""), "")), IF(OR($F37="Inner Rim",$F37="Outer Rim",$F37="Microlite"), IF(AW37<>"",AW37,""), IF($F37="Not Categorized","", ""))) | BH37: =IF(OR($F37="Core",$F37="Cpx Inclusion"), IF($Y37<67, IF(AS37<>"",AS37,""), IF($Y37>67, IF(BC37<>"",BC37,""), "")), IF(OR($F37="Inner Rim",$F37="Outer Rim",$F37="Microlite"), IF(AX37<>"",AX37,""), IF($F37="Not Categorized","", ""))) | BI37: 8.7853928 | BJ37: 7.8930813 | BK37: 9.5489462 | BL37: 1027.729 | BM37: 1011.2269 | BN37: 1046.5938
A38: 33 | C38: TQ65 | D38: 118538 | E38: 55 | F38: Core | G38: This work | H38: Tajogaite 2021 | I38: 44543 | J38: 44543 | K38: Basanite | L38: 46.493 | M38: 2.49 | N38: 6.345 | O38: 6.55 | P38: 0.173 | Q38: 13.149 | R38: 23.363 | S38: 0.66 | U38: 0.147 | X38: 99.37 | Y38: 78.158501 | Z38: 0.43 | AA38: 3.29 | AB38: 1.23 | AC38: 2.19 | AD38: 26.51 | AE38: 0.61 | AF38: 0.6 | AG38: 4.18 | AH38: 100 | AI38: 20.38 | AJ38: 100 | AK38: 0.71128943 | AL38: 0.73964466 | AM38: 0.048278949 | AN38: 0.043782403 | AT38: 5.5734572 | AU38: 0.58585433 | AV38: 1148.1299 | AW38: 17.629478 | AX38: 41 | BD38: =IF(OR($F38="Core",$F38="Cpx Inclusion"), IF($Y38<67, IF(AO38<>"",AO38,""), IF($Y38>67, IF(AY38<>"",AY38,""), "")), IF(OR($F38="Inner Rim",$F38="Outer Rim",$F38="Microlite"), IF(AT38<>"",AT38,""), IF($F38="Not Categorized","", ""))) | BE38: =IF(OR($F38="Core",$F38="Cpx Inclusion"), IF($Y38<67, IF(AP38<>"",AP38,""), IF($Y38>67, IF(AZ38<>"",AZ38,""), "")), IF(OR($F38="Inner Rim",$F38="Outer Rim",$F38="Microlite"), IF(AU38<>"",AU38,""), IF($F38="Not Categorized","", ""))) | BF38: =IF(OR($F38="Core",$F38="Cpx Inclusion"), IF($Y38<67, IF(AQ38<>"",AQ38,""), IF($Y38>67, IF(BA38<>"",BA38,""), "")), IF(OR($F38="Inner Rim",$F38="Outer Rim",$F38="Microlite"), IF(AV38<>"",AV38,""), IF($F38="Not Categorized","", ""))) | BG38: =IF(OR($F38="Core",$F38="Cpx Inclusion"), IF($Y38<67, IF(AR38<>"",AR38,""), IF($Y38>67, IF(BB38<>"",BB38,""), "")), IF(OR($F38="Inner Rim",$F38="Outer Rim",$F38="Microlite"), IF(AW38<>"",AW38,""), IF($F38="Not Categorized","", ""))) | BH38: =IF(OR($F38="Core",$F38="Cpx Inclusion"), IF($Y38<67, IF(AS38<>"",AS38,""), IF($Y38>67, IF(BC38<>"",BC38,""), "")), IF(OR($F38="Inner Rim",$F38="Outer Rim",$F38="Microlite"), IF(AX38<>"",AX38,""), IF($F38="Not Categorized","", ""))) | BI38: 5.0747906 | BJ38: 3.9738072 | BK38: 6.5254537 | BL38: 1120.4333 | BM38: 1112.4711 | BN38: 1128.3152
A39: 34 | C39: TQ65 | D39: 118538 | E39: 66 | F39: Core | G39: This work | H39: Tajogaite 2021 | I39: 44543 | J39: 44543 | K39: Basanite | L39: 45.468 | M39: 2.122 | N39: 6.603 | O39: 12.059 | P39: 0.622 | Q39: 8.693 | R39: 22.871 | S39: 1.413 | U39: 0.04 | W39: 0.021 | X39: 99.912 | Y39: 56.236188 | Z39: 0.44 | AA39: 3.63 | AB39: 1.21 | AC39: 1.59 | AD39: 10.28 | AE39: 0.78 | AF39: 0.6 | AG39: 2.66 | AH39: 100 | AI39: 60.75 | AJ39: 164.43 | AK39: 0.63749105 | AL39: 0.5007286 | AM39: 0.10584208 | AN39: 0.15646965 | AO39: 5.0852647 | AP39: 0.1341889 | AQ39: 991.26377 | AR39: 4.1604724 | AS39: 935 | BD39: =IF(OR($F39="Core",$F39="Cpx Inclusion"), IF($Y39<67, IF(AO39<>"",AO39,""), IF($Y39>67, IF(AY39<>"",AY39,""), "")), IF(OR($F39="Inner Rim",$F39="Outer Rim",$F39="Microlite"), IF(AT39<>"",AT39,""), IF($F39="Not Categorized","", ""))) -> 5.0852647 | BE39: =IF(OR($F39="Core",$F39="Cpx Inclusion"), IF($Y39<67, IF(AP39<>"",AP39,""), IF($Y39>67, IF(AZ39<>"",AZ39,""), "")), IF(OR($F39="Inner Rim",$F39="Outer Rim",$F39="Microlite"), IF(AU39<>"",AU39,""), IF($F39="Not Categorized","", ""))) -> 0.1341889 | BF39: =IF(OR($F39="Core",$F39="Cpx Inclusion"), IF($Y39<67, IF(AQ39<>"",AQ39,""), IF($Y39>67, IF(BA39<>"",BA39,""), "")), IF(OR($F39="Inner Rim",$F39="Outer Rim",$F39="Microlite"), IF(AV39<>"",AV39,""), IF($F39="Not Categorized","", ""))) -> 991.26377 | BG39: =IF(OR($F39="Core",$F39="Cpx Inclusion"), IF($Y39<67, IF(AR39<>"",AR39,""), IF($Y39>67, IF(BB39<>"",BB39,""), "")), IF(OR($F39="Inner Rim",$F39="Outer Rim",$F39="Microlite"), IF(AW39<>"",AW39,""), IF($F39="Not Categorized","", ""))) -> 4.1604724 | BH39: =IF(OR($F39="Core",$F39="Cpx Inclusion"), IF($Y39<67, IF(AS39<>"",AS39,""), IF($Y39>67, IF(BC39<>"",BC39,""), "")), IF(OR($F39="Inner Rim",$F39="Outer Rim",$F39="Microlite"), IF(AX39<>"",AX39,""), IF($F39="Not Categorized","", ""))) -> 935 | BI39: 4.408728 | BJ39: 3.7436385 | BK39: 4.8974634 | BL39: 919.34058 | BM39: 911.11087 | BN39: 926.5282
A40: 35 | C40: TQ65 | D40: 118538 | E40: 67 | F40: Core | G40: This work | H40: Tajogaite 2021 | I40: 44543 | J40: 44543 | K40: Basanite | L40: 46.187 | M40: 2.278 | N40: 6.277 | O40: 9.727 | P40: 0.273 | Q40: 10.286 | R40: 23.758 | S40: 1.351 | U40: 0.015 | W40: 0.026 | X40: 100.178 | Y40: 65.337882 | Z40: 0.43 | AA40: 3.47 | AB40: 1.24 | AC40: 1.78 | AD40: 18.68 | AE40: 0.71 | AF40: 0.59 | AG40: 2.68 | AH40: 100 | AI40: 164.92 | AJ40: 135.15 | AK40: 0.68526689 | AL40: 0.58463342 | AM40: 0.099856407 | AN40: 0.070213666 | AO40: 3.6163313 | AP40: 0.097296198 | AQ40: 1010.9769 | AR40: 3.8089992 | AS40: 345 | BD40: =IF(OR($F40="Core",$F40="Cpx Inclusion"), IF($Y40<67, IF(AO40<>"",AO40,""), IF($Y40>67, IF(AY40<>"",AY40,""), "")), IF(OR($F40="Inner Rim",$F40="Outer Rim",$F40="Microlite"), IF(AT40<>"",AT40,""), IF($F40="Not Categorized","", ""))) -> 3.6163313 | BE40: =IF(OR($F40="Core",$F40="Cpx Inclusion"), IF($Y40<67, IF(AP40<>"",AP40,""), IF($Y40>67, IF(AZ40<>"",AZ40,""), "")), IF(OR($F40="Inner Rim",$F40="Outer Rim",$F40="Microlite"), IF(AU40<>"",AU40,""), IF($F40="Not Categorized","", ""))) -> 0.097296198 | BF40: =IF(OR($F40="Core",$F40="Cpx Inclusion"), IF($Y40<67, IF(AQ40<>"",AQ40,""), IF($Y40>67, IF(BA40<>"",BA40,""), "")), IF(OR($F40="Inner Rim",$F40="Outer Rim",$F40="Microlite"), IF(AV40<>"",AV40,""), IF($F40="Not Categorized","", ""))) -> 1010.9769 | BG40: =IF(OR($F40="Core",$F40="Cpx Inclusion"), IF($Y40<67, IF(AR40<>"",AR40,""), IF($Y40>67, IF(BB40<>"",BB40,""), "")), IF(OR($F40="Inner Rim",$F40="Outer Rim",$F40="Microlite"), IF(AW40<>"",AW40,""), IF($F40="Not Categorized","", ""))) -> 3.8089992 | BH40: =IF(OR($F40="Core",$F40="Cpx Inclusion"), IF($Y40<67, IF(AS40<>"",AS40,""), IF($Y40>67, IF(BC40<>"",BC40,""), "")), IF(OR($F40="Inner Rim",$F40="Outer Rim",$F40="Microlite"), IF(AX40<>"",AX40,""), IF($F40="Not Categorized","", ""))) -> 345 | BI40: 8.841095 | BJ40: 8.0706583 | BK40: 9.4752964 | BL40: 1015.4326 | BM40: 994.24577 | BN40: 1041.114
A41: 36 | C41: TQ65 | D41: 118538 | E41: 69 | F41: Core | G41: This work | H41: Tajogaite 2021 | I41: 44543 | J41: 44543 | K41: Basanite | L41: 47.017 | M41: 2.463 | N41: 5.906 | O41: 6.472 | P41: 0.149 | Q41: 13.17 | R41: 23.719 | S41: 0.665 | T41: 0.004 | U41: 0.075 | W41: 0.005 | X41: 99.645 | Y41: 78.389365 | Z41: 0.43 | AA41: 3.29 | AB41: 1.28 | AC41: 2.21 | AD41: 27.78 | AE41: 0.61 | AF41: 0.59 | AG41: 4.14 | AH41: 340.39 | AI41: 35.76 | AJ41: 717.64 | AK41: 0.71366739 | AL41: 0.7385941 | AM41: 0.04849815 | AN41: 0.045938312 | BD41: =IF(OR($F41="Core",$F41="Cpx Inclusion"), IF($Y41<67, IF(AO41<>"",AO41,""), IF($Y41>67, IF(AY41<>"",AY41,""), "")), IF(OR($F41="Inner Rim",$F41="Outer Rim",$F41="Microlite"), IF(AT41<>"",AT41,""), IF($F41="Not Categorized","", ""))) | BE41: =IF(OR($F41="Core",$F41="Cpx Inclusion"), IF($Y41<67, IF(AP41<>"",AP41,""), IF($Y41>67, IF(AZ41<>"",AZ41,""), "")), IF(OR($F41="Inner Rim",$F41="Outer Rim",$F41="Microlite"), IF(AU41<>"",AU41,""), IF($F41="Not Categorized","", ""))) | BF41: =IF(OR($F41="Core",$F41="Cpx Inclusion"), IF($Y41<67, IF(AQ41<>"",AQ41,""), IF($Y41>67, IF(BA41<>"",BA41,""), "")), IF(OR($F41="Inner Rim",$F41="Outer Rim",$F41="Microlite"), IF(AV41<>"",AV41,""), IF($F41="Not Categorized","", ""))) | BG41: =IF(OR($F41="Core",$F41="Cpx Inclusion"), IF($Y41<67, IF(AR41<>"",AR41,""), IF($Y41>67, IF(BB41<>"",BB41,""), "")), IF(OR($F41="Inner Rim",$F41="Outer Rim",$F41="Microlite"), IF(AW41<>"",AW41,""), IF($F41="Not Categorized","", ""))) | BH41: =IF(OR($F41="Core",$F41="Cpx Inclusion"), IF($Y41<67, IF(AS41<>"",AS41,""), IF($Y41>67, IF(BC41<>"",BC41,""), "")), IF(OR($F41="Inner Rim",$F41="Outer Rim",$F41="Microlite"), IF(AX41<>"",AX41,""), IF($F41="Not Categorized","", ""))) | BI41: 4.7231715 | BJ41: 3.6539891 | BK41: 5.8559403 | BL41: 1119.8547 | BM41: 1109.764 | BN41: 1131.1218
A42: 37 | C42: TQ65 | D42: 118538 | E42: 79 | F42: Core | G42: This work | H42: Tajogaite 2021 | I42: 44543 | J42: 44543 | K42: Basanite | L42: 49.014 | M42: 1.793 | N42: 4.529 | O42: 6.069 | P42: 0.149 | Q42: 13.879 | R42: 23.802 | S42: 0.68 | U42: 0.008 | X42: 99.923 | Y42: 80.301241 | Z42: 0.42 | AA42: 4.01 | AB42: 1.48 | AC42: 2.28 | AD42: 30.17 | AE42: 0.59 | AF42: 0.59 | AG42: 4.07 | AH42: 100 | AI42: 318.12 | AJ42: 100 | AK42: 0.70659948 | AL42: 0.77209479 | AM42: 0.049193172 | AN42: 0.056692277 | BD42: =IF(OR($F42="Core",$F42="Cpx Inclusion"), IF($Y42<67, IF(AO42<>"",AO42,""), IF($Y42>67, IF(AY42<>"",AY42,""), "")), IF(OR($F42="Inner Rim",$F42="Outer Rim",$F42="Microlite"), IF(AT42<>"",AT42,""), IF($F42="Not Categorized","", ""))) | BE42: =IF(OR($F42="Core",$F42="Cpx Inclusion"), IF($Y42<67, IF(AP42<>"",AP42,""), IF($Y42>67, IF(AZ42<>"",AZ42,""), "")), IF(OR($F42="Inner Rim",$F42="Outer Rim",$F42="Microlite"), IF(AU42<>"",AU42,""), IF($F42="Not Categorized","", ""))) | BF42: =IF(OR($F42="Core",$F42="Cpx Inclusion"), IF($Y42<67, IF(AQ42<>"",AQ42,""), IF($Y42>67, IF(BA42<>"",BA42,""), "")), IF(OR($F42="Inner Rim",$F42="Outer Rim",$F42="Microlite"), IF(AV42<>"",AV42,""), IF($F42="Not Categorized","", ""))) | BG42: =IF(OR($F42="Core",$F42="Cpx Inclusion"), IF($Y42<67, IF(AR42<>"",AR42,""), IF($Y42>67, IF(BB42<>"",BB42,""), "")), IF(OR($F42="Inner Rim",$F42="Outer Rim",$F42="Microlite"), IF(AW42<>"",AW42,""), IF($F42="Not Categorized","", ""))) | BH42: =IF(OR($F42="Core",$F42="Cpx Inclusion"), IF($Y42<67, IF(AS42<>"",AS42,""), IF($Y42>67, IF(BC42<>"",BC42,""), "")), IF(OR($F42="Inner Rim",$F42="Outer Rim",$F42="Microlite"), IF(AX42<>"",AX42,""), IF($F42="Not Categorized","", ""))) | BI42: 4.3464656 | BJ42: 3.7454504 | BK42: 4.9952453 | BL42: 1098.8953 | BM42: 1091.8784 | BN42: 1106.2825
A43: 38 | C43: TQ65 | D43: 118538 | E43: 80 | F43: Core | G43: This work | H43: Tajogaite 2021 | I43: 44543 | J43: 44543 | K43: Basanite | L43: 45.599 | M43: 3.134 | N43: 7.35 | O43: 7.195 | P43: 0.194 | Q43: 11.965 | R43: 23.218 | S43: 0.78 | T43: 0.019 | U43: 0.005 | W43: 0.007 | X43: 99.466 | Y43: 74.774957 | Z43: 0.44 | AA43: 2.87 | AB43: 1.14 | AC43: 2.09 | AD43: 24.35 | AE43: 0.64 | AF43: 0.6 | AG43: 3.76 | AH43: 66.86 | AI43: 540.58 | AJ43: 477.26 | AK43: 0.71587792 | AL43: 0.67493632 | AM43: 0.057217407 | AN43: 0.081221473 | AT43: 6.7427081 | AU43: 0.50239133 | AV43: 1158.3804 | AW43: 19.17826 | AX43: 8 | AY43: 7.3013109 | AZ43: 0.98486093 | BA43: 1109.7405 | BB43: 14.877765 | BC43: 30 | BD43: =IF(OR($F43="Core",$F43="Cpx Inclusion"), IF($Y43<67, IF(AO43<>"",AO43,""), IF($Y43>67, IF(AY43<>"",AY43,""), "")), IF(OR($F43="Inner Rim",$F43="Outer Rim",$F43="Microlite"), IF(AT43<>"",AT43,""), IF($F43="Not Categorized","", ""))) -> 7.3013109 | BE43: =IF(OR($F43="Core",$F43="Cpx Inclusion"), IF($Y43<67, IF(AP43<>"",AP43,""), IF($Y43>67, IF(AZ43<>"",AZ43,""), "")), IF(OR($F43="Inner Rim",$F43="Outer Rim",$F43="Microlite"), IF(AU43<>"",AU43,""), IF($F43="Not Categorized","", ""))) -> 0.98486093 | BF43: =IF(OR($F43="Core",$F43="Cpx Inclusion"), IF($Y43<67, IF(AQ43<>"",AQ43,""), IF($Y43>67, IF(BA43<>"",BA43,""), "")), IF(OR($F43="Inner Rim",$F43="Outer Rim",$F43="Microlite"), IF(AV43<>"",AV43,""), IF($F43="Not Categorized","", ""))) -> 1109.7405 | BG43: =IF(OR($F43="Core",$F43="Cpx Inclusion"), IF($Y43<67, IF(AR43<>"",AR43,""), IF($Y43>67, IF(BB43<>"",BB43,""), "")), IF(OR($F43="Inner Rim",$F43="Outer Rim",$F43="Microlite"), IF(AW43<>"",AW43,""), IF($F43="Not Categorized","", ""))) -> 14.877765 | BH43: =IF(OR($F43="Core",$F43="Cpx Inclusion"), IF($Y43<67, IF(AS43<>"",AS43,""), IF($Y43>67, IF(BC43<>"",BC43,""), "")), IF(OR($F43="Inner Rim",$F43="Outer Rim",$F43="Microlite"), IF(AX43<>"",AX43,""), IF($F43="Not Categorized","", ""))) -> 30 | BI43: 10.81331 | BJ43: 8.8289782 | BK43: 12.183564 | BL43: 1147.072 | BM43: 1131.4158 | BN43: 1162.1862
A44: 39 | C44: TQ65 | D44: 118538 | E44: 81 | F44: Core | G44: This work | H44: Tajogaite 2021 | I44: 44543 | J44: 44543 | K44: Basanite | L44: 47.179 | M44: 2.392 | N44: 6.489 | O44: 7.092 | P44: 0.137 | Q44: 12.689 | R44: 23.278 | S44: 0.685 | U44: 0.015 | X44: 99.956 | Y44: 76.1299 | Z44: 0.43 | AA44: 3.39 | AB44: 1.21 | AC44: 2.09 | AD44: 33.88 | AE44: 0.62 | AF44: 0.6 | AG44: 4.06 | AH44: 100 | AI44: 171.46 | AJ44: 100 | AK44: 0.70438934 | AL44: 0.70934089 | AM44: 0.049796823 | AN44: 0.091521737 | AT44: 6.0442697 | AU44: 0.41717493 | AV44: 1153.4556 | AW44: 18.309631 | AX44: 14 | BD44: =IF(OR($F44="Core",$F44="Cpx Inclusion"), IF($Y44<67, IF(AO44<>"",AO44,""), IF($Y44>67, IF(AY44<>"",AY44,""), "")), IF(OR($F44="Inner Rim",$F44="Outer Rim",$F44="Microlite"), IF(AT44<>"",AT44,""), IF($F44="Not Categorized","", ""))) | BE44: =IF(OR($F44="Core",$F44="Cpx Inclusion"), IF($Y44<67, IF(AP44<>"",AP44,""), IF($Y44>67, IF(AZ44<>"",AZ44,""), "")), IF(OR($F44="Inner Rim",$F44="Outer Rim",$F44="Microlite"), IF(AU44<>"",AU44,""), IF($F44="Not Categorized","", ""))) | BF44: =IF(OR($F44="Core",$F44="Cpx Inclusion"), IF($Y44<67, IF(AQ44<>"",AQ44,""), IF($Y44>67, IF(BA44<>"",BA44,""), "")), IF(OR($F44="Inner Rim",$F44="Outer Rim",$F44="Microlite"), IF(AV44<>"",AV44,""), IF($F44="Not Categorized","", ""))) | BG44: =IF(OR($F44="Core",$F44="Cpx Inclusion"), IF($Y44<67, IF(AR44<>"",AR44,""), IF($Y44>67, IF(BB44<>"",BB44,""), "")), IF(OR($F44="Inner Rim",$F44="Outer Rim",$F44="Microlite"), IF(AW44<>"",AW44,""), IF($F44="Not Categorized","", ""))) | BH44: =IF(OR($F44="Core",$F44="Cpx Inclusion"), IF($Y44<67, IF(AS44<>"",AS44,""), IF($Y44>67, IF(BC44<>"",BC44,""), "")), IF(OR($F44="Inner Rim",$F44="Outer Rim",$F44="Microlite"), IF(AX44<>"",AX44,""), IF($F44="Not Categorized","", ""))) | BI44: 5.8113222 | BJ44: 3.8839501 | BK44: 7.8966212 | BL44: 1137.8439 | BM44: 1125.5902 | BN44: 1153.0977
A45: 40 | C45: TQ65 | D45: 118538 | E45: 87 | F45: Core | G45: This work | H45: Tajogaite 2021 | I45: 44543 | J45: 44543 | K45: Basanite | L45: 46.659 | M45: 2.625 | N45: 6.142 | O45: 6.845 | P45: 0.12 | Q45: 12.722 | R45: 23.899 | S45: 0.959 | T45: 0.027 | U45: 0.17 | X45: 100.168 | Y45: 76.8144 | Z45: 0.43 | AA45: 3.23 | AB45: 1.25 | AC45: 2.13 | AD45: 36 | AE45: 0.62 | AF45: 0.59 | AG45: 3.23 | AH45: 51.34 | AI45: 17.45 | AJ45: 100 | AK45: 0.71031932 | AL45: 0.71271224 | AM45: 0.069865199 | AN45: 0.010267521 | AT45: 5.1129499 | AU45: 0.53210275 | AV45: 1142.9757 | AW45: 16.566871 | AX45: 22 | BD45: =IF(OR($F45="Core",$F45="Cpx Inclusion"), IF($Y45<67, IF(AO45<>"",AO45,""), IF($Y45>67, IF(AY45<>"",AY45,""), "")), IF(OR($F45="Inner Rim",$F45="Outer Rim",$F45="Microlite"), IF(AT45<>"",AT45,""), IF($F45="Not Categorized","", ""))) | BE45: =IF(OR($F45="Core",$F45="Cpx Inclusion"), IF($Y45<67, IF(AP45<>"",AP45,""), IF($Y45>67, IF(AZ45<>"",AZ45,""), "")), IF(OR($F45="Inner Rim",$F45="Outer Rim",$F45="Microlite"), IF(AU45<>"",AU45,""), IF($F45="Not Categorized","", ""))) | BF45: =IF(OR($F45="Core",$F45="Cpx Inclusion"), IF($Y45<67, IF(AQ45<>"",AQ45,""), IF($Y45>67, IF(BA45<>"",BA45,""), "")), IF(OR($F45="Inner Rim",$F45="Outer Rim",$F45="Microlite"), IF(AV45<>"",AV45,""), IF($F45="Not Categorized","", ""))) | BG45: =IF(OR($F45="Core",$F45="Cpx Inclusion"), IF($Y45<67, IF(AR45<>"",AR45,""), IF($Y45>67, IF(BB45<>"",BB45,""), "")), IF(OR($F45="Inner Rim",$F45="Outer Rim",$F45="Microlite"), IF(AW45<>"",AW45,""), IF($F45="Not Categorized","", ""))) | BH45: =IF(OR($F45="Core",$F45="Cpx Inclusion"), IF($Y45<67, IF(AS45<>"",AS45,""), IF($Y45>67, IF(BC45<>"",BC45,""), "")), IF(OR($F45="Inner Rim",$F45="Outer Rim",$F45="Microlite"), IF(AX45<>"",AX45,""), IF($F45="Not Categorized","", ""))) | BI45: 10.297159 | BJ45: 9.470163 | BK45: 10.858463 | BL45: 1139.7954 | BM45: 1129.4748 | BN45: 1149.802
A46: 41 | C46: TQ65 | D46: 118538 | E46: 88 | F46: Core | G46: This work | H46: Tajogaite 2021 | I46: 44543 | J46: 44543 | K46: Basanite | L46: 44.911 | M46: 3.307 | N46: 7.751 | O46: 8.127 | P46: 0.227 | Q46: 10.613 | R46: 23.731 | S46: 1.098 | X46: 99.765 | Y46: 69.95034 | Z46: 0.44 | AA46: 2.78 | AB46: 1.1 | AC46: 1.96 | AD46: 20.33 | AE46: 0.69 | AF46: 0.59 | AG46: 3.01 | AH46: 100 | AI46: 100 | AJ46: 100 | AK46: 0.7188092 | AL46: 0.60161293 | AM46: 0.0809403 | AN46: 0.071034569 | AY46: 6.9101133 | AZ46: 0.53544974 | BA46: 1089.5322 | BB46: 10.620042 | BC46: 435 | BD46: =IF(OR($F46="Core",$F46="Cpx Inclusion"), IF($Y46<67, IF(AO46<>"",AO46,""), IF($Y46>67, IF(AY46<>"",AY46,""), "")), IF(OR($F46="Inner Rim",$F46="Outer Rim",$F46="Microlite"), IF(AT46<>"",AT46,""), IF($F46="Not Categorized","", ""))) -> 6.9101133 | BE46: =IF(OR($F46="Core",$F46="Cpx Inclusion"), IF($Y46<67, IF(AP46<>"",AP46,""), IF($Y46>67, IF(AZ46<>"",AZ46,""), "")), IF(OR($F46="Inner Rim",$F46="Outer Rim",$F46="Microlite"), IF(AU46<>"",AU46,""), IF($F46="Not Categorized","", ""))) -> 0.53544974 | BF46: =IF(OR($F46="Core",$F46="Cpx Inclusion"), IF($Y46<67, IF(AQ46<>"",AQ46,""), IF($Y46>67, IF(BA46<>"",BA46,""), "")), IF(OR($F46="Inner Rim",$F46="Outer Rim",$F46="Microlite"), IF(AV46<>"",AV46,""), IF($F46="Not Categorized","", ""))) -> 1089.5322 | BG46: =IF(OR($F46="Core",$F46="Cpx Inclusion"), IF($Y46<67, IF(AR46<>"",AR46,""), IF($Y46>67, IF(BB46<>"",BB46,""), "")), IF(OR($F46="Inner Rim",$F46="Outer Rim",$F46="Microlite"), IF(AW46<>"",AW46,""), IF($F46="Not Categorized","", ""))) -> 10.620042 | BH46: =IF(OR($F46="Core",$F46="Cpx Inclusion"), IF($Y46<67, IF(AS46<>"",AS46,""), IF($Y46>67, IF(BC46<>"",BC46,""), "")), IF(OR($F46="Inner Rim",$F46="Outer Rim",$F46="Microlite"), IF(AX46<>"",AX46,""), IF($F46="Not Categorized","", ""))) -> 435 | BI46: 10.650249 | BJ46: 9.9883908 | BK46: 11.30803 | BL46: 1107.0769 | BM46: 1091.4148 | BN46: 1118.1478
A47: 42 | C47: TQ65 | D47: 118538 | E47: 91 | F47: Core | G47: This work | H47: Tajogaite 2021 | I47: 44543 | J47: 44543 | K47: Basanite | L47: 46.903 | M47: 2.059 | N47: 5.932 | O47: 8.821 | P47: 0.252 | Q47: 10.976 | R47: 23.136 | S47: 1.223 | T47: 0.001 | U47: 0.042 | X47: 99.345 | Y47: 68.925148 | Z47: 0.43 | AA47: 3.68 | AB47: 1.27 | AC47: 1.87 | AD47: 20.8 | AE47: 0.68 | AF47: 0.6 | AG47: 2.82 | AH47: 1232.37 | AI47: 59.12 | AJ47: 100 | AK47: 0.69602846 | AL47: 0.62389826 | AM47: 0.090402325 | AN47: 0.096109991 | BD47: =IF(OR($F47="Core",$F47="Cpx Inclusion"), IF($Y47<67, IF(AO47<>"",AO47,""), IF($Y47>67, IF(AY47<>"",AY47,""), "")), IF(OR($F47="Inner Rim",$F47="Outer Rim",$F47="Microlite"), IF(AT47<>"",AT47,""), IF($F47="Not Categorized","", ""))) | BE47: =IF(OR($F47="Core",$F47="Cpx Inclusion"), IF($Y47<67, IF(AP47<>"",AP47,""), IF($Y47>67, IF(AZ47<>"",AZ47,""), "")), IF(OR($F47="Inner Rim",$F47="Outer Rim",$F47="Microlite"), IF(AU47<>"",AU47,""), IF($F47="Not Categorized","", ""))) | BF47: =IF(OR($F47="Core",$F47="Cpx Inclusion"), IF($Y47<67, IF(AQ47<>"",AQ47,""), IF($Y47>67, IF(BA47<>"",BA47,""), "")), IF(OR($F47="Inner Rim",$F47="Outer Rim",$F47="Microlite"), IF(AV47<>"",AV47,""), IF($F47="Not Categorized","", ""))) | BG47: =IF(OR($F47="Core",$F47="Cpx Inclusion"), IF($Y47<67, IF(AR47<>"",AR47,""), IF($Y47>67, IF(BB47<>"",BB47,""), "")), IF(OR($F47="Inner Rim",$F47="Outer Rim",$F47="Microlite"), IF(AW47<>"",AW47,""), IF($F47="Not Categorized","", ""))) | BH47: =IF(OR($F47="Core",$F47="Cpx Inclusion"), IF($Y47<67, IF(AS47<>"",AS47,""), IF($Y47>67, IF(BC47<>"",BC47,""), "")), IF(OR($F47="Inner Rim",$F47="Outer Rim",$F47="Microlite"), IF(AX47<>"",AX47,""), IF($F47="Not Categorized","", ""))) | BI47: 9.0144939 | BJ47: 8.3946547 | BK47: 9.6941825 | BL47: 1063.6655 | BM47: 1043.6831 | BN47: 1077.4822
A48: 43 | C48: TQ62 | D48: 118535 | E48: 118 | F48: Core | G48: This work | H48: Tajogaite 2021 | I48: 44542 | J48: 44542 | K48: Basanite | L48: 45.894 | M48: 2.898 | N48: 7.695 | O48: 8.803 | P48: 0.189 | Q48: 10.918 | R48: 22.827 | S48: 0.932 | T48: 0.009 | U48: 0.027 | W48: 0.005 | X48: 100.197 | Y48: 68.855375 | Z48: 0.43 | AA48: 3.35 | AB48: 1.25 | AC48: 2.17 | AD48: 50.21 | AE48: 0.61 | AF48: 0.59 | AG48: 3.88 | AH48: 106.02 | AI48: 29.12 | AJ48: 100 | AK48: 0.69036814 | AL48: 0.61443251 | AM48: 0.068207241 | AN48: 0.13827503 | AT48: 7.2017487 | AU48: 1.0405436 | AV48: 1143.4721 | AW48: 9.2169158 | AX48: 13 | AY48: 7.4108303 | AZ48: 1.9758623 | BA48: 1102.1705 | BB48: 21.597814 | BC48: 5 | BD48: =IF(OR($F48="Core",$F48="Cpx Inclusion"), IF($Y48<67, IF(AO48<>"",AO48,""), IF($Y48>67, IF(AY48<>"",AY48,""), "")), IF(OR($F48="Inner Rim",$F48="Outer Rim",$F48="Microlite"), IF(AT48<>"",AT48,""), IF($F48="Not Categorized","", ""))) -> 7.4108303 | BE48: =IF(OR($F48="Core",$F48="Cpx Inclusion"), IF($Y48<67, IF(AP48<>"",AP48,""), IF($Y48>67, IF(AZ48<>"",AZ48,""), "")), IF(OR($F48="Inner Rim",$F48="Outer Rim",$F48="Microlite"), IF(AU48<>"",AU48,""), IF($F48="Not Categorized","", ""))) -> 1.9758623 | BF48: =IF(OR($F48="Core",$F48="Cpx Inclusion"), IF($Y48<67, IF(AQ48<>"",AQ48,""), IF($Y48>67, IF(BA48<>"",BA48,""), "")), IF(OR($F48="Inner Rim",$F48="Outer Rim",$F48="Microlite"), IF(AV48<>"",AV48,""), IF($F48="Not Categorized","", ""))) -> 1102.1705 | BG48: =IF(OR($F48="Core",$F48="Cpx Inclusion"), IF($Y48<67, IF(AR48<>"",AR48,""), IF($Y48>67, IF(BB48<>"",BB48,""), "")), IF(OR($F48="Inner Rim",$F48="Outer Rim",$F48="Microlite"), IF(AW48<>"",AW48,""), IF($F48="Not Categorized","", ""))) -> 21.597814 | BH48: =IF(OR($F48="Core",$F48="Cpx Inclusion"), IF($Y48<67, IF(AS48<>"",AS48,""), IF($Y48>67, IF(BC48<>"",BC48,""), "")), IF(OR($F48="Inner Rim",$F48="Outer Rim",$F48="Microlite"), IF(AX48<>"",AX48,""), IF($F48="Not Categorized","", ""))) -> 5 | BI48: 10.282311 | BJ48: 9.2884138 | BK48: 11.081759 | BL48: 1107.7944 | BM48: 1100.0487 | BN48: 1112.9415
A49: 44 | C49: TQ62 | D49: 118535 | E49: 119 | F49: Core | G49: This work | H49: Tajogaite 2021 | I49: 44542 | J49: 44542 | K49: Basanite | L49: 47.415 | M49: 2.297 | N49: 6.204 | O49: 6.741 | P49: 0.08 | Q49: 13.295 | R49: 22.364 | S49: 0.675 | T49: 0.012 | U49: 0.094 | X49: 99.177 | Y49: 77.854823 | Z49: 0.44 | AA49: 2.63 | AB49: 1.09 | AC49: 2.17 | AD49: 29.55 | AE49: 0.63 | AF49: 0.58 | AG49: 4.23 | AH49: 100 | AI49: 12.85 | AJ49: 109.6 | AK49: 0.72551768 | AL49: 0.74555001 | AM49: 0.049223862 | AN49: 0.10120862 | AY49: 7.2709622 | BA49: 1128.3541 | BC49: 1 | BD49: =IF(OR($F49="Core",$F49="Cpx Inclusion"), IF($Y49<67, IF(AO49<>"",AO49,""), IF($Y49>67, IF(AY49<>"",AY49,""), "")), IF(OR($F49="Inner Rim",$F49="Outer Rim",$F49="Microlite"), IF(AT49<>"",AT49,""), IF($F49="Not Categorized","", ""))) -> 7.2709622 | BE49: =IF(OR($F49="Core",$F49="Cpx Inclusion"), IF($Y49<67, IF(AP49<>"",AP49,""), IF($Y49>67, IF(AZ49<>"",AZ49,""), "")), IF(OR($F49="Inner Rim",$F49="Outer Rim",$F49="Microlite"), IF(AU49<>"",AU49,""), IF($F49="Not Categorized","", ""))) | BF49: =IF(OR($F49="Core",$F49="Cpx Inclusion"), IF($Y49<67, IF(AQ49<>"",AQ49,""), IF($Y49>67, IF(BA49<>"",BA49,""), "")), IF(OR($F49="Inner Rim",$F49="Outer Rim",$F49="Microlite"), IF(AV49<>"",AV49,""), IF($F49="Not Categorized","", ""))) -> 1128.3541 | BG49: =IF(OR($F49="Core",$F49="Cpx Inclusion"), IF($Y49<67, IF(AR49<>"",AR49,""), IF($Y49>67, IF(BB49<>"",BB49,""), "")), IF(OR($F49="Inner Rim",$F49="Outer Rim",$F49="Microlite"), IF(AW49<>"",AW49,""), IF($F49="Not Categorized","", ""))) | BH49: =IF(OR($F49="Core",$F49="Cpx Inclusion"), IF($Y49<67, IF(AS49<>"",AS49,""), IF($Y49>67, IF(BC49<>"",BC49,""), "")), IF(OR($F49="Inner Rim",$F49="Outer Rim",$F49="Microlite"), IF(AX49<>"",AX49,""), IF($F49="Not Categorized","", ""))) -> 1 | BI49: 5.0687365 | BJ49: 3.9753413 | BK49: 6.2770872 | BL49: 1118.1019 | BM49: 1110.6191 | BN49: 1128.5638
A50: 45 | C50: TQ62 | D50: 118535 | E50: 120 | F50: Core | G50: This work | H50: Tajogaite 2021 | I50: 44542 | J50: 44542 | K50: Basanite | L50: 44.956 | M50: 3.531 | N50: 7.989 | O50: 6.585 | P50: 0.127 | Q50: 12.347 | R50: 23.022 | S50: 0.593 | U50: 0.239 | W50: 0.031 | X50: 99.42 | Y50: 76.970836 | Z50: 0.43 | AA50: 1.1 | AB50: 1.34 | AC50: 0.66 | AD50: 11.34 | AE50: 0.78 | AF50: 0.58 | AG50: 4.07 | AH50: 155.68 | AI50: 8.59 | AJ50: 100 | AK50: 0.76661347 | AL50: 0.69509252 | AM50: 0.043412953 | AN50: 0.083788392 | AY50: 7.2346812 | AZ50: 0.66035234 | BA50: 1130.737 | BB50: 17.918269 | BC50: 884 | BD50: =IF(OR($F50="Core",$F50="Cpx Inclusion"), IF($Y50<67, IF(AO50<>"",AO50,""), IF($Y50>67, IF(AY50<>"",AY50,""), "")), IF(OR($F50="Inner Rim",$F50="Outer Rim",$F50="Microlite"), IF(AT50<>"",AT50,""), IF($F50="Not Categorized","", ""))) -> 7.2346812 | BE50: =IF(OR($F50="Core",$F50="Cpx Inclusion"), IF($Y50<67, IF(AP50<>"",AP50,""), IF($Y50>67, IF(AZ50<>"",AZ50,""), "")), IF(OR($F50="Inner Rim",$F50="Outer Rim",$F50="Microlite"), IF(AU50<>"",AU50,""), IF($F50="Not Categorized","", ""))) -> 0.66035234 | BF50: =IF(OR($F50="Core",$F50="Cpx Inclusion"), IF($Y50<67, IF(AQ50<>"",AQ50,""), IF($Y50>67, IF(BA50<>"",BA50,""), "")), IF(OR($F50="Inner Rim",$F50="Outer Rim",$F50="Microlite"), IF(AV50<>"",AV50,""), IF($F50="Not Categorized","", ""))) -> 1130.737 | BG50: =IF(OR($F50="Core",$F50="Cpx Inclusion"), IF($Y50<67, IF(AR50<>"",AR50,""), IF($Y50>67, IF(BB50<>"",BB50,""), "")), IF(OR($F50="Inner Rim",$F50="Outer Rim",$F50="Microlite"), IF(AW50<>"",AW50,""), IF($F50="Not Categorized","", ""))) -> 17.918269 | BH50: =IF(OR($F50="Core",$F50="Cpx Inclusion"), IF($Y50<67, IF(AS50<>"",AS50,""), IF($Y50>67, IF(BC50<>"",BC50,""), "")), IF(OR($F50="Inner Rim",$F50="Outer Rim",$F50="Microlite"), IF(AX50<>"",AX50,""), IF($F50="Not Categorized","", ""))) -> 884 | BI50: 3.4922861 | BJ50: 1.7803101 | BK50: 5.0881182 | BL50: 1126.6089 | BM50: 1118.1102 | BN50: 1134.451
A51: 46 | C51: TQ62 | D51: 118535 | E51: 130 | F51: Core | G51: This work | H51: Tajogaite 2021 | I51: 44542 | J51: 44542 | K51: Basanite | L51: 46.689 | M51: 2.532 | N51: 6.773 | O51: 6.538 | P51: 0.142 | Q51: 12.905 | R51: 23.095 | S51: 0.55 | U51: 0.079 | W51: 0.005 | X51: 99.308 | Y51: 77.868678 | Z51: 0.44 | AA51: 2.92 | AB51: 1.13 | AC51: 2.15 | AD51: 24.05 | AE51: 0.62 | AF51: 0.58 | AG51: 4.73 | AH51: 102.09 | AI51: 16.33 | AJ51: 78.96 | AK51: 0.71533114 | AL51: 0.72438268 | AM51: 0.040147288 | AN51: 0.092500556 | AT51: 5.8530635 | AU51: 0.63440994 | AV51: 1146.8194 | AW51: 15.674139 | AX51: 143 | BD51: =IF(OR($F51="Core",$F51="Cpx Inclusion"), IF($Y51<67, IF(AO51<>"",AO51,""), IF($Y51>67, IF(AY51<>"",AY51,""), "")), IF(OR($F51="Inner Rim",$F51="Outer Rim",$F51="Microlite"), IF(AT51<>"",AT51,""), IF($F51="Not Categorized","", ""))) | BE51: =IF(OR($F51="Core",$F51="Cpx Inclusion"), IF($Y51<67, IF(AP51<>"",AP51,""), IF($Y51>67, IF(AZ51<>"",AZ51,""), "")), IF(OR($F51="Inner Rim",$F51="Outer Rim",$F51="Microlite"), IF(AU51<>"",AU51,""), IF($F51="Not Categorized","", ""))) | BF51: =IF(OR($F51="Core",$F51="Cpx Inclusion"), IF($Y51<67, IF(AQ51<>"",AQ51,""), IF($Y51>67, IF(BA51<>"",BA51,""), "")), IF(OR($F51="Inner Rim",$F51="Outer Rim",$F51="Microlite"), IF(AV51<>"",AV51,""), IF($F51="Not Categorized","", ""))) | BG51: =IF(OR($F51="Core",$F51="Cpx Inclusion"), IF($Y51<67, IF(AR51<>"",AR51,""), IF($Y51>67, IF(BB51<>"",BB51,""), "")), IF(OR($F51="Inner Rim",$F51="Outer Rim",$F51="Microlite"), IF(AW51<>"",AW51,""), IF($F51="Not Categorized","", ""))) | BH51: =IF(OR($F51="Core",$F51="Cpx Inclusion"), IF($Y51<67, IF(AS51<>"",AS51,""), IF($Y51>67, IF(BC51<>"",BC51,""), "")), IF(OR($F51="Inner Rim",$F51="Outer Rim",$F51="Microlite"), IF(AX51<>"",AX51,""), IF($F51="Not Categorized","", ""))) | BI51: 2.216633 | BJ51: 1.5346225 | BK51: 3.1346558 | BL51: 1119.7117 | BM51: 1109.9349 | BN51: 1130.8436
A52: 47 | C52: TQ62 | D52: 118535 | E52: 131 | F52: Core | G52: This work | H52: Tajogaite 2021 | I52: 44542 | J52: 44542 | K52: Basanite | L52: 46.017 | M52: 2.91 | N52: 7.497 | O52: 6.783 | P52: 0.16 | Q52: 12.75 | R52: 22.851 | S52: 0.521 | T52: 0.012 | U52: 0.182 | W52: 0.043 | X52: 99.726 | Y52: 77.014996 | Z52: 0.43 | AA52: 3.24 | AB52: 1.21 | AC52: 2.26 | AD52: 31.17 | AE52: 0.62 | AF52: 0.58 | AG52: 4.41 | AH52: 211.39 | AI52: 31.24 | AJ52: 118.44 | AK52: 0.72338505 | AL52: 0.71418633 | AM52: 0.03795094 | AN52: 0.099248854 | AT52: 6.5873579 | AU52: 0.58677892 | AV52: 1140.6571 | AW52: 12.578895 | AX52: 911 | AY52: 6.7122556 | AZ52: 0.67623683 | BA52: 1130.9326 | BB52: 18.252765 | BC52: 890 | BD52: =IF(OR($F52="Core",$F52="Cpx Inclusion"), IF($Y52<67, IF(AO52<>"",AO52,""), IF($Y52>67, IF(AY52<>"",AY52,""), "")), IF(OR($F52="Inner Rim",$F52="Outer Rim",$F52="Microlite"), IF(AT52<>"",AT52,""), IF($F52="Not Categorized","", ""))) -> 6.7122556 | BE52: =IF(OR($F52="Core",$F52="Cpx Inclusion"), IF($Y52<67, IF(AP52<>"",AP52,""), IF($Y52>67, IF(AZ52<>"",AZ52,""), "")), IF(OR($F52="Inner Rim",$F52="Outer Rim",$F52="Microlite"), IF(AU52<>"",AU52,""), IF($F52="Not Categorized","", ""))) -> 0.67623683 | BF52: =IF(OR($F52="Core",$F52="Cpx Inclusion"), IF($Y52<67, IF(AQ52<>"",AQ52,""), IF($Y52>67, IF(BA52<>"",BA52,""), "")), IF(OR($F52="Inner Rim",$F52="Outer Rim",$F52="Microlite"), IF(AV52<>"",AV52,""), IF($F52="Not Categorized","", ""))) -> 1130.9326 | BG52: =IF(OR($F52="Core",$F52="Cpx Inclusion"), IF($Y52<67, IF(AR52<>"",AR52,""), IF($Y52>67, IF(BB52<>"",BB52,""), "")), IF(OR($F52="Inner Rim",$F52="Outer Rim",$F52="Microlite"), IF(AW52<>"",AW52,""), IF($F52="Not Categorized","", ""))) -> 18.252765 | BH52: =IF(OR($F52="Core",$F52="Cpx Inclusion"), IF($Y52<67, IF(AS52<>"",AS52,""), IF($Y52>67, IF(BC52<>"",BC52,""), "")), IF(OR($F52="Inner Rim",$F52="Outer Rim",$F52="Microlite"), IF(AX52<>"",AX52,""), IF($F52="Not Categorized","", ""))) -> 890 | BI52: 1.6797843 | BJ52: 0.69418068 | BK52: 2.9976211 | BL52: 1109.655 | BM52: 1100.2444 | BN52: 1117.7909
A53: 48 | C53: TQ62 | D53: 118535 | E53: 132 | F53: Core | G53: This work | H53: Tajogaite 2021 | I53: 44542 | J53: 44542 | K53: Basanite | L53: 46.671 | M53: 2.491 | N53: 6.619 | O53: 6.205 | P53: 0.127 | Q53: 12.708 | R53: 22.851 | S53: 0.555 | T53: 0.006 | U53: 0.086 | W53: 0.029 | X53: 98.348 | Y53: 78.497924 | Z53: 0.43 | AA53: 3.07 | AB53: 1.17 | AC53: 2.16 | AD53: 25.93 | AE53: 0.61 | AF53: 0.58 | AG53: 4.91 | AH53: 100 | AI53: 14.24 | AJ53: 87.45 | AK53: 0.70957046 | AL53: 0.71873332 | AM53: 0.040819438 | AN53: 0.11116221 | BD53: =IF(OR($F53="Core",$F53="Cpx Inclusion"), IF($Y53<67, IF(AO53<>"",AO53,""), IF($Y53>67, IF(AY53<>"",AY53,""), "")), IF(OR($F53="Inner Rim",$F53="Outer Rim",$F53="Microlite"), IF(AT53<>"",AT53,""), IF($F53="Not Categorized","", ""))) | BE53: =IF(OR($F53="Core",$F53="Cpx Inclusion"), IF($Y53<67, IF(AP53<>"",AP53,""), IF($Y53>67, IF(AZ53<>"",AZ53,""), "")), IF(OR($F53="Inner Rim",$F53="Outer Rim",$F53="Microlite"), IF(AU53<>"",AU53,""), IF($F53="Not Categorized","", ""))) | BF53: =IF(OR($F53="Core",$F53="Cpx Inclusion"), IF($Y53<67, IF(AQ53<>"",AQ53,""), IF($Y53>67, IF(BA53<>"",BA53,""), "")), IF(OR($F53="Inner Rim",$F53="Outer Rim",$F53="Microlite"), IF(AV53<>"",AV53,""), IF($F53="Not Categorized","", ""))) | BG53: =IF(OR($F53="Core",$F53="Cpx Inclusion"), IF($Y53<67, IF(AR53<>"",AR53,""), IF($Y53>67, IF(BB53<>"",BB53,""), "")), IF(OR($F53="Inner Rim",$F53="Outer Rim",$F53="Microlite"), IF(AW53<>"",AW53,""), IF($F53="Not Categorized","", ""))) | BH53: =IF(OR($F53="Core",$F53="Cpx Inclusion"), IF($Y53<67, IF(AS53<>"",AS53,""), IF($Y53>67, IF(BC53<>"",BC53,""), "")), IF(OR($F53="Inner Rim",$F53="Outer Rim",$F53="Microlite"), IF(AX53<>"",AX53,""), IF($F53="Not Categorized","", ""))) | BI53: 2.5720384 | BJ53: 1.860084 | BK53: 3.5217783 | BL53: 1132.2812 | BM53: 1121.8357 | BN53: 1142.5935
A54: 49 | C54: TQ62 | D54: 118535 | E54: 138 | F54: Core | G54: This work | H54: Tajogaite 2021 | I54: 44542 | J54: 44542 | K54: Basanite | L54: 48.561 | M54: 2.096 | N54: 5.517 | O54: 6.136 | P54: 0.145 | Q54: 13.78 | R54: 23.442 | S54: 0.656 | T54: 0.002 | U54: 0.246 | X54: 100.581 | Y54: 80.012753 | Z54: 0.44 | AA54: 3.11 | AB54: 1.11 | AC54: 1.9 | AD54: 19.14 | AE54: 0.69 | AF54: 0.58 | AG54: 3.26 | AH54: 100 | AI54: 32.18 | AJ54: 100 | AK54: 0.76959143 | AL54: 0.76149182 | AM54: 0.047141493 | AN54: 0.070906155 | AT54: 5.5267584 | AU54: 0.56503544 | AV54: 1154.5872 | AW54: 13.500669 | AX54: 25 | BD54: =IF(OR($F54="Core",$F54="Cpx Inclusion"), IF($Y54<67, IF(AO54<>"",AO54,""), IF($Y54>67, IF(AY54<>"",AY54,""), "")), IF(OR($F54="Inner Rim",$F54="Outer Rim",$F54="Microlite"), IF(AT54<>"",AT54,""), IF($F54="Not Categorized","", ""))) | BE54: =IF(OR($F54="Core",$F54="Cpx Inclusion"), IF($Y54<67, IF(AP54<>"",AP54,""), IF($Y54>67, IF(AZ54<>"",AZ54,""), "")), IF(OR($F54="Inner Rim",$F54="Outer Rim",$F54="Microlite"), IF(AU54<>"",AU54,""), IF($F54="Not Categorized","", ""))) | BF54: =IF(OR($F54="Core",$F54="Cpx Inclusion"), IF($Y54<67, IF(AQ54<>"",AQ54,""), IF($Y54>67, IF(BA54<>"",BA54,""), "")), IF(OR($F54="Inner Rim",$F54="Outer Rim",$F54="Microlite"), IF(AV54<>"",AV54,""), IF($F54="Not Categorized","", ""))) | BG54: =IF(OR($F54="Core",$F54="Cpx Inclusion"), IF($Y54<67, IF(AR54<>"",AR54,""), IF($Y54>67, IF(BB54<>"",BB54,""), "")), IF(OR($F54="Inner Rim",$F54="Outer Rim",$F54="Microlite"), IF(AW54<>"",AW54,""), IF($F54="Not Categorized","", ""))) | BH54: =IF(OR($F54="Core",$F54="Cpx Inclusion"), IF($Y54<67, IF(AS54<>"",AS54,""), IF($Y54>67, IF(BC54<>"",BC54,""), "")), IF(OR($F54="Inner Rim",$F54="Outer Rim",$F54="Microlite"), IF(AX54<>"",AX54,""), IF($F54="Not Categorized","", ""))) | BI54: 5.8491518 | BJ54: 5.0166221 | BK54: 6.7708806 | BL54: 1109.8917 | BM54: 1103.1959 | BN54: 1117.3658
A55: 50 | C55: TQ62 | D55: 118535 | E55: 139 | F55: Core | G55: This work | H55: Tajogaite 2021 | I55: 44542 | J55: 44542 | K55: Basanite | L55: 45.319 | M55: 2.582 | N55: 7.814 | O55: 8.674 | P55: 0.232 | Q55: 10.606 | R55: 22.779 | S55: 0.921 | U55: 0.081 | X55: 99.008 | Y55: 68.549392 | Z55: 0.49 | AA55: 2.88 | AB55: 1.3 | AC55: 1.3 | AD55: 16.36 | AE55: 0.34 | AF55: 5.88 | AG55: 5.1 | AH55: 77.58 | AI55: 100 | AJ55: 100 | AK55: 0.39799177 | AL55: 0.60430838 | AM55: 0.068241741 | AN55: 0.13122849 | AT55: 7.1041395 | AU55: 1.0744886 | AV55: 1141.9563 | AW55: 9.5897764 | AX55: 12 | AY55: 8.4082628 | AZ55: 1.4381109 | BA55: 1115.6078 | BB55: 20.260947 | BC55: 15 | BD55: =IF(OR($F55="Core",$F55="Cpx Inclusion"), IF($Y55<67, IF(AO55<>"",AO55,""), IF($Y55>67, IF(AY55<>"",AY55,""), "")), IF(OR($F55="Inner Rim",$F55="Outer Rim",$F55="Microlite"), IF(AT55<>"",AT55,""), IF($F55="Not Categorized","", ""))) -> 8.4082628 | BE55: =IF(OR($F55="Core",$F55="Cpx Inclusion"), IF($Y55<67, IF(AP55<>"",AP55,""), IF($Y55>67, IF(AZ55<>"",AZ55,""), "")), IF(OR($F55="Inner Rim",$F55="Outer Rim",$F55="Microlite"), IF(AU55<>"",AU55,""), IF($F55="Not Categorized","", ""))) -> 1.4381109 | BF55: =IF(OR($F55="Core",$F55="Cpx Inclusion"), IF($Y55<67, IF(AQ55<>"",AQ55,""), IF($Y55>67, IF(BA55<>"",BA55,""), "")), IF(OR($F55="Inner Rim",$F55="Outer Rim",$F55="Microlite"), IF(AV55<>"",AV55,""), IF($F55="Not Categorized","", ""))) -> 1115.6078 | BG55: =IF(OR($F55="Core",$F55="Cpx Inclusion"), IF($Y55<67, IF(AR55<>"",AR55,""), IF($Y55>67, IF(BB55<>"",BB55,""), "")), IF(OR($F55="Inner Rim",$F55="Outer Rim",$F55="Microlite"), IF(AW55<>"",AW55,""), IF($F55="Not Categorized","", ""))) -> 20.260947 | BH55: =IF(OR($F55="Core",$F55="Cpx Inclusion"), IF($Y55<67, IF(AS55<>"",AS55,""), IF($Y55>67, IF(BC55<>"",BC55,""), "")), IF(OR($F55="Inner Rim",$F55="Outer Rim",$F55="Microlite"), IF(AX55<>"",AX55,""), IF($F55="Not Categorized","", ""))) -> 15 | BI55: 9.6638222 | BJ55: 8.5996404 | BK55: 10.522305 | BL55: 1103.5599 | BM55: 1092.0656 | BN55: 1111.7343
A56: 51 | C56: TQ62 | D56: 118535 | E56: 143 | F56: Core | G56: This work | H56: Tajogaite 2021 | I56: 44542 | J56: 44542 | K56: Basanite | L56: 46.309 | M56: 2.712 | N56: 6.632 | O56: 6.682 | P56: 0.153 | Q56: 12.665 | R56: 23.607 | S56: 0.651 | U56: 0.042 | X56: 99.453 | Y56: 77.161824 | Z56: 0.42 | AA56: 3.39 | AB56: 1.48 | AC56: 2.24 | AD56: 33.37 | AE56: 0.58 | AF56: 0.59 | AG56: 5.44 | AH56: 237.19 | AI56: 100 | AJ56: 100 | AK56: 0.68946678 | AL56: 0.71253865 | AM56: 0.047628586 | AN56: 0.061639164 | BD56: =IF(OR($F56="Core",$F56="Cpx Inclusion"), IF($Y56<67, IF(AO56<>"",AO56,""), IF($Y56>67, IF(AY56<>"",AY56,""), "")), IF(OR($F56="Inner Rim",$F56="Outer Rim",$F56="Microlite"), IF(AT56<>"",AT56,""), IF($F56="Not Categorized","", ""))) | BE56: =IF(OR($F56="Core",$F56="Cpx Inclusion"), IF($Y56<67, IF(AP56<>"",AP56,""), IF($Y56>67, IF(AZ56<>"",AZ56,""), "")), IF(OR($F56="Inner Rim",$F56="Outer Rim",$F56="Microlite"), IF(AU56<>"",AU56,""), IF($F56="Not Categorized","", ""))) | BF56: =IF(OR($F56="Core",$F56="Cpx Inclusion"), IF($Y56<67, IF(AQ56<>"",AQ56,""), IF($Y56>67, IF(BA56<>"",BA56,""), "")), IF(OR($F56="Inner Rim",$F56="Outer Rim",$F56="Microlite"), IF(AV56<>"",AV56,""), IF($F56="Not Categorized","", ""))) | BG56: =IF(OR($F56="Core",$F56="Cpx Inclusion"), IF($Y56<67, IF(AR56<>"",AR56,""), IF($Y56>67, IF(BB56<>"",BB56,""), "")), IF(OR($F56="Inner Rim",$F56="Outer Rim",$F56="Microlite"), IF(AW56<>"",AW56,""), IF($F56="Not Categorized","", ""))) | BH56: =IF(OR($F56="Core",$F56="Cpx Inclusion"), IF($Y56<67, IF(AS56<>"",AS56,""), IF($Y56>67, IF(BC56<>"",BC56,""), "")), IF(OR($F56="Inner Rim",$F56="Outer Rim",$F56="Microlite"), IF(AX56<>"",AX56,""), IF($F56="Not Categorized","", ""))) | BI56: 4.3066343 | BJ56: 2.9968993 | BK56: 6.3558386 | BL56: 1141.511 | BM56: 1130.6333 | BN56: 1150.6726
A57: 52 | C57: TQ62 | D57: 118535 | E57: 144 | F57: Core | G57: This work | H57: Tajogaite 2021 | I57: 44542 | J57: 44542 | K57: Basanite | L57: 48.775 | M57: 2.217 | N57: 4.518 | O57: 6.304 | P57: 0.116 | Q57: 14.456 | R57: 22.866 | S57: 0.415 | T57: 0.005 | X57: 99.672 | Y57: 80.344581 | Z57: 0.44 | AA57: 3.51 | AB57: 1.2 | AC57: 1.73 | AD57: 15.96 | AE57: 0.69 | AF57: 0.59 | AG57: 3.21 | AH57: 2759.52 | AI57: 119.52 | AJ57: 100 | AK57: 0.76182317 | AL57: 0.80467808 | AM57: 0.030040392 | AN57: 0.10271377 | BD57: =IF(OR($F57="Core",$F57="Cpx Inclusion"), IF($Y57<67, IF(AO57<>"",AO57,""), IF($Y57>67, IF(AY57<>"",AY57,""), "")), IF(OR($F57="Inner Rim",$F57="Outer Rim",$F57="Microlite"), IF(AT57<>"",AT57,""), IF($F57="Not Categorized","", ""))) | BE57: =IF(OR($F57="Core",$F57="Cpx Inclusion"), IF($Y57<67, IF(AP57<>"",AP57,""), IF($Y57>67, IF(AZ57<>"",AZ57,""), "")), IF(OR($F57="Inner Rim",$F57="Outer Rim",$F57="Microlite"), IF(AU57<>"",AU57,""), IF($F57="Not Categorized","", ""))) | BF57: =IF(OR($F57="Core",$F57="Cpx Inclusion"), IF($Y57<67, IF(AQ57<>"",AQ57,""), IF($Y57>67, IF(BA57<>"",BA57,""), "")), IF(OR($F57="Inner Rim",$F57="Outer Rim",$F57="Microlite"), IF(AV57<>"",AV57,""), IF($F57="Not Categorized","", ""))) | BG57: =IF(OR($F57="Core",$F57="Cpx Inclusion"), IF($Y57<67, IF(AR57<>"",AR57,""), IF($Y57>67, IF(BB57<>"",BB57,""), "")), IF(OR($F57="Inner Rim",$F57="Outer Rim",$F57="Microlite"), IF(AW57<>"",AW57,""), IF($F57="Not Categorized","", ""))) | BH57: =IF(OR($F57="Core",$F57="Cpx Inclusion"), IF($Y57<67, IF(AS57<>"",AS57,""), IF($Y57>67, IF(BC57<>"",BC57,""), "")), IF(OR($F57="Inner Rim",$F57="Outer Rim",$F57="Microlite"), IF(AX57<>"",AX57,""), IF($F57="Not Categorized","", ""))) | BI57: 1.7205947 | BJ57: 1.5412897 | BK57: 2.0323961 | BL57: 1085.489 | BM57: 1081.7349 | BN57: 1089.931
A58: 53 | C58: TQ62 | D58: 118535 | E58: 145 | F58: Core | G58: This work | H58: Tajogaite 2021 | I58: 44542 | J58: 44542 | K58: Basanite | L58: 46.25 | M58: 2.131 | N58: 6.771 | O58: 10.217 | P58: 0.286 | Q58: 10.537 | R58: 22.472 | S58: 0.981 | U58: 0.021 | X58: 99.666 | Y58: 64.76867 | Z58: 0.44 | AA58: 3.03 | AB58: 1.15 | AC58: 2.03 | AD58: 25.04 | AE58: 0.65 | AF58: 0.58 | AG58: 3.71 | AH58: 73.62 | AI58: 63.43 | AJ58: 163.68 | AK58: 0.68276561 | AL58: 0.59949467 | AM58: 0.072580645 | AN58: 0.16060742 | AO58: 5.3393398 | AP58: 0.14119514 | AQ58: 1015.4353 | AR58: 4.2759742 | AS58: 999 | BD58: =IF(OR($F58="Core",$F58="Cpx Inclusion"), IF($Y58<67, IF(AO58<>"",AO58,""), IF($Y58>67, IF(AY58<>"",AY58,""), "")), IF(OR($F58="Inner Rim",$F58="Outer Rim",$F58="Microlite"), IF(AT58<>"",AT58,""), IF($F58="Not Categorized","", ""))) -> 5.3393398 | BE58: =IF(OR($F58="Core",$F58="Cpx Inclusion"), IF($Y58<67, IF(AP58<>"",AP58,""), IF($Y58>67, IF(AZ58<>"",AZ58,""), "")), IF(OR($F58="Inner Rim",$F58="Outer Rim",$F58="Microlite"), IF(AU58<>"",AU58,""), IF($F58="Not Categorized","", ""))) -> 0.14119514 | BF58: =IF(OR($F58="Core",$F58="Cpx Inclusion"), IF($Y58<67, IF(AQ58<>"",AQ58,""), IF($Y58>67, IF(BA58<>"",BA58,""), "")), IF(OR($F58="Inner Rim",$F58="Outer Rim",$F58="Microlite"), IF(AV58<>"",AV58,""), IF($F58="Not Categorized","", ""))) -> 1015.4353 | BG58: =IF(OR($F58="Core",$F58="Cpx Inclusion"), IF($Y58<67, IF(AR58<>"",AR58,""), IF($Y58>67, IF(BB58<>"",BB58,""), "")), IF(OR($F58="Inner Rim",$F58="Outer Rim",$F58="Microlite"), IF(AW58<>"",AW58,""), IF($F58="Not Categorized","", ""))) -> 4.2759742 | BH58: =IF(OR($F58="Core",$F58="Cpx Inclusion"), IF($Y58<67, IF(AS58<>"",AS58,""), IF($Y58>67, IF(BC58<>"",BC58,""), "")), IF(OR($F58="Inner Rim",$F58="Outer Rim",$F58="Microlite"), IF(AX58<>"",AX58,""), IF($F58="Not Categorized","", ""))) -> 999 | BI58: 7.4637201 | BJ58: 6.7138805 | BK58: 8.1078828 | BL58: 1021.3871 | BM58: 999.14826 | BN58: 1044.8379
A59: 54 | C59: TQ62 | D59: 118535 | E59: 146 | F59: Core | G59: This work | H59: Tajogaite 2021 | I59: 44542 | J59: 44542 | K59: Basanite | L59: 46.103 | M59: 2.751 | N59: 7.261 | O59: 7.652 | P59: 0.163 | Q59: 11.757 | R59: 22.997 | S59: 0.748 | T59: 0.017 | U59: 0.039 | W59: 0.021 | X59: 99.509 | Y59: 73.253612 | Z59: 0.42 | AA59: 3.59 | AB59: 1.42 | AC59: 2.21 | AD59: 33.33 | AE59: 0.59 | AF59: 0.58 | AG59: 5.29 | AH59: 100 | AI59: 39.5 | AJ59: 100 | AK59: 0.68885269 | AL59: 0.66282035 | AM59: 0.05483835 | AN59: 0.11465501 | AT59: 6.6936811 | AU59: 0.50788377 | AV59: 1152.1953 | AW59: 15.049501 | AX59: 26 | AY59: 7.387634 | AZ59: 1.3577733 | BA59: 1111.4828 | BB59: 14.42578 | BC59: 26 | BD59: =IF(OR($F59="Core",$F59="Cpx Inclusion"), IF($Y59<67, IF(AO59<>"",AO59,""), IF($Y59>67, IF(AY59<>"",AY59,""), "")), IF(OR($F59="Inner Rim",$F59="Outer Rim",$F59="Microlite"), IF(AT59<>"",AT59,""), IF($F59="Not Categorized","", ""))) -> 7.387634 | BE59: =IF(OR($F59="Core",$F59="Cpx Inclusion"), IF($Y59<67, IF(AP59<>"",AP59,""), IF($Y59>67, IF(AZ59<>"",AZ59,""), "")), IF(OR($F59="Inner Rim",$F59="Outer Rim",$F59="Microlite"), IF(AU59<>"",AU59,""), IF($F59="Not Categorized","", ""))) -> 1.3577733 | BF59: =IF(OR($F59="Core",$F59="Cpx Inclusion"), IF($Y59<67, IF(AQ59<>"",AQ59,""), IF($Y59>67, IF(BA59<>"",BA59,""), "")), IF(OR($F59="Inner Rim",$F59="Outer Rim",$F59="Microlite"), IF(AV59<>"",AV59,""), IF($F59="Not Categorized","", ""))) -> 1111.4828 | BG59: =IF(OR($F59="Core",$F59="Cpx Inclusion"), IF($Y59<67, IF(AR59<>"",AR59,""), IF($Y59>67, IF(BB59<>"",BB59,""), "")), IF(OR($F59="Inner Rim",$F59="Outer Rim",$F59="Microlite"), IF(AW59<>"",AW59,""), IF($F59="Not Categorized","", ""))) -> 14.42578 | BH59: =IF(OR($F59="Core",$F59="Cpx Inclusion"), IF($Y59<67, IF(AS59<>"",AS59,""), IF($Y59>67, IF(BC59<>"",BC59,""), "")), IF(OR($F59="Inner Rim",$F59="Outer Rim",$F59="Microlite"), IF(AX59<>"",AX59,""), IF($F59="Not Categorized","", ""))) -> 26 | BI59: 9.2231865 | BJ59: 6.8186367 | BK59: 10.656203 | BL59: 1119.0449 | BM59: 1110.2779 | BN59: 1129.2425
A60: 55 | C60: TQ62 | D60: 118535 | E60: 148 | F60: Core | G60: This work | H60: Tajogaite 2021 | I60: 44542 | J60: 44542 | K60: Basanite | L60: 46.021 | M60: 2.379 | N60: 6.556 | O60: 9.257 | P60: 0.21 | Q60: 10.59 | R60: 22.951 | S60: 0.938 | T60: 0.012 | U60: 0.011 | X60: 98.925 | Y60: 67.097023 | Z60: 0.44 | AA60: 3.07 | AB60: 1.16 | AC60: 2.14 | AD60: 22.56 | AE60: 0.64 | AF60: 0.58 | AG60: 3.87 | AH60: 64.44 | AI60: 100 | AJ60: 100 | AK60: 0.70044924 | AL60: 0.60553669 | AM60: 0.069747847 | AN60: 0.14267699 | BD60: =IF(OR($F60="Core",$F60="Cpx Inclusion"), IF($Y60<67, IF(AO60<>"",AO60,""), IF($Y60>67, IF(AY60<>"",AY60,""), "")), IF(OR($F60="Inner Rim",$F60="Outer Rim",$F60="Microlite"), IF(AT60<>"",AT60,""), IF($F60="Not Categorized","", ""))) | BE60: =IF(OR($F60="Core",$F60="Cpx Inclusion"), IF($Y60<67, IF(AP60<>"",AP60,""), IF($Y60>67, IF(AZ60<>"",AZ60,""), "")), IF(OR($F60="Inner Rim",$F60="Outer Rim",$F60="Microlite"), IF(AU60<>"",AU60,""), IF($F60="Not Categorized","", ""))) | BF60: =IF(OR($F60="Core",$F60="Cpx Inclusion"), IF($Y60<67, IF(AQ60<>"",AQ60,""), IF($Y60>67, IF(BA60<>"",BA60,""), "")), IF(OR($F60="Inner Rim",$F60="Outer Rim",$F60="Microlite"), IF(AV60<>"",AV60,""), IF($F60="Not Categorized","", ""))) | BG60: =IF(OR($F60="Core",$F60="Cpx Inclusion"), IF($Y60<67, IF(AR60<>"",AR60,""), IF($Y60>67, IF(BB60<>"",BB60,""), "")), IF(OR($F60="Inner Rim",$F60="Outer Rim",$F60="Microlite"), IF(AW60<>"",AW60,""), IF($F60="Not Categorized","", ""))) | BH60: =IF(OR($F60="Core",$F60="Cpx Inclusion"), IF($Y60<67, IF(AS60<>"",AS60,""), IF($Y60>67, IF(BC60<>"",BC60,""), "")), IF(OR($F60="Inner Rim",$F60="Outer Rim",$F60="Microlite"), IF(AX60<>"",AX60,""), IF($F60="Not Categorized","", ""))) | BI60: 7.9388971 | BJ60: 7.1555512 | BK60: 8.5542581 | BL60: 1073.6968 | BM60: 1053.7858 | BN60: 1084.6204
A61: 56 | C61: TQ62 | D61: 118535 | E61: 150 | F61: Core | G61: This work | H61: Tajogaite 2021 | I61: 44542 | J61: 44542 | K61: Basanite | L61: 46.47 | M61: 2.765 | N61: 7.202 | O61: 7.607 | P61: 0.16 | Q61: 11.711 | R61: 22.861 | S61: 0.685 | T61: 0.007 | W61: 0.002 | X61: 99.47 | Y61: 73.292348 | Z61: 0.42 | AA61: 3.57 | AB61: 1.41 | AC61: 2.29 | AD61: 18.49 | AE61: 0.59 | AF61: 0.58 | AG61: 5.14 | AH61: 100 | AI61: 31.54 | AJ61: 100 | AK61: 0.6988393 | AL61: 0.65905308 | AM61: 0.050130318 | AN61: 0.14702297 | AT61: 6.5535666 | AU61: 0.63714984 | AV61: 1151.4275 | AW61: 14.459349 | AX61: 95 | BD61: =IF(OR($F61="Core",$F61="Cpx Inclusion"), IF($Y61<67, IF(AO61<>"",AO61,""), IF($Y61>67, IF(AY61<>"",AY61,""), "")), IF(OR($F61="Inner Rim",$F61="Outer Rim",$F61="Microlite"), IF(AT61<>"",AT61,""), IF($F61="Not Categorized","", ""))) | BE61: =IF(OR($F61="Core",$F61="Cpx Inclusion"), IF($Y61<67, IF(AP61<>"",AP61,""), IF($Y61>67, IF(AZ61<>"",AZ61,""), "")), IF(OR($F61="Inner Rim",$F61="Outer Rim",$F61="Microlite"), IF(AU61<>"",AU61,""), IF($F61="Not Categorized","", ""))) | BF61: =IF(OR($F61="Core",$F61="Cpx Inclusion"), IF($Y61<67, IF(AQ61<>"",AQ61,""), IF($Y61>67, IF(BA61<>"",BA61,""), "")), IF(OR($F61="Inner Rim",$F61="Outer Rim",$F61="Microlite"), IF(AV61<>"",AV61,""), IF($F61="Not Categorized","", ""))) | BG61: =IF(OR($F61="Core",$F61="Cpx Inclusion"), IF($Y61<67, IF(AR61<>"",AR61,""), IF($Y61>67, IF(BB61<>"",BB61,""), "")), IF(OR($F61="Inner Rim",$F61="Outer Rim",$F61="Microlite"), IF(AW61<>"",AW61,""), IF($F61="Not Categorized","", ""))) | BH61: =IF(OR($F61="Core",$F61="Cpx Inclusion"), IF($Y61<67, IF(AS61<>"",AS61,""), IF($Y61>67, IF(BC61<>"",BC61,""), "")), IF(OR($F61="Inner Rim",$F61="Outer Rim",$F61="Microlite"), IF(AX61<>"",AX61,""), IF($F61="Not Categorized","", ""))) | BI61: 7.4638159 | BJ61: 5.185633 | BK61: 9.7140375 | BL61: 1115.073 | BM61: 1104.1356 | BN61: 1127.9544
A62: 57 | C62: TQ62 | D62: 118535 | E62: 152 | F62: Core | G62: This work | H62: Tajogaite 2021 | I62: 44542 | J62: 44542 | K62: Basanite | L62: 45.889 | M62: 2.7 | N62: 7.471 | O62: 7.527 | P62: 0.167 | Q62: 11.839 | R62: 23.113 | S62: 0.712 | T62: 0.027 | U62: 0.009 | W62: 0.002 | X62: 99.456 | Y62: 73.709984 | Z62: 0.43 | AA62: 3.05 | AB62: 1.14 | AC62: 1.97 | AD62: 21.24 | AE62: 0.65 | AF62: 0.58 | AG62: 3.79 | AH62: 100 | AI62: 100 | AJ62: 100 | AK62: 0.70711444 | AL62: 0.66766289 | AM62: 0.05221625 | AN62: 0.10021091 | AT62: 6.4583658 | AU62: 0.56036122 | AV62: 1152.3373 | AW62: 12.979281 | AX62: 43 | AY62: 7.4242331 | AZ62: 0.83068701 | BA62: 1112.9882 | BB62: 14.294907 | BC62: 57 | BD62: =IF(OR($F62="Core",$F62="Cpx Inclusion"), IF($Y62<67, IF(AO62<>"",AO62,""), IF($Y62>67, IF(AY62<>"",AY62,""), "")), IF(OR($F62="Inner Rim",$F62="Outer Rim",$F62="Microlite"), IF(AT62<>"",AT62,""), IF($F62="Not Categorized","", ""))) -> 7.4242331 | BE62: =IF(OR($F62="Core",$F62="Cpx Inclusion"), IF($Y62<67, IF(AP62<>"",AP62,""), IF($Y62>67, IF(AZ62<>"",AZ62,""), "")), IF(OR($F62="Inner Rim",$F62="Outer Rim",$F62="Microlite"), IF(AU62<>"",AU62,""), IF($F62="Not Categorized","", ""))) -> 0.83068701 | BF62: =IF(OR($F62="Core",$F62="Cpx Inclusion"), IF($Y62<67, IF(AQ62<>"",AQ62,""), IF($Y62>67, IF(BA62<>"",BA62,""), "")), IF(OR($F62="Inner Rim",$F62="Outer Rim",$F62="Microlite"), IF(AV62<>"",AV62,""), IF($F62="Not Categorized","", ""))) -> 1112.9882 | BG62: =IF(OR($F62="Core",$F62="Cpx Inclusion"), IF($Y62<67, IF(AR62<>"",AR62,""), IF($Y62>67, IF(BB62<>"",BB62,""), "")), IF(OR($F62="Inner Rim",$F62="Outer Rim",$F62="Microlite"), IF(AW62<>"",AW62,""), IF($F62="Not Categorized","", ""))) -> 14.294907 | BH62: =IF(OR($F62="Core",$F62="Cpx Inclusion"), IF($Y62<67, IF(AS62<>"",AS62,""), IF($Y62>67, IF(BC62<>"",BC62,""), "")), IF(OR($F62="Inner Rim",$F62="Outer Rim",$F62="Microlite"), IF(AX62<>"",AX62,""), IF($F62="Not Categorized","", ""))) -> 57 | BI62: 9.135972 | BJ62: 6.320113 | BK62: 11.056807 | BL62: 1124.25 | BM62: 1112.4588 | BN62: 1139.3232
A63: 58 | C63: TQ62 | D63: 118535 | E63: 153 | F63: Core | G63: This work | H63: Tajogaite 2021 | I63: 44542 | J63: 44542 | K63: Basanite | L63: 46.324 | M63: 2.685 | N63: 7.417 | O63: 8.01 | P63: 0.189 | Q63: 11.792 | R63: 22.893 | S63: 0.717 | X63: 100.027 | Y63: 72.407721 | Z63: 0.43 | AA63: 3.08 | AB63: 1.17 | AC63: 2.15 | AD63: 26.11 | AE63: 0.62 | AF63: 0.58 | AG63: 4.58 | AH63: 100 | AI63: 16.1 | AJ63: 100 | AK63: 0.70122233 | AL63: 0.66148541 | AM63: 0.052304063 | AN63: 0.12879883 | AT63: 6.6146521 | AU63: 0.66815871 | AV63: 1147.4428 | AW63: 12.849225 | AX63: 144 | AY63: 7.7033741 | AZ63: 0.87914565 | BA63: 1121.7513 | BB63: 13.912956 | BC63: 92 | BD63: =IF(OR($F63="Core",$F63="Cpx Inclusion"), IF($Y63<67, IF(AO63<>"",AO63,""), IF($Y63>67, IF(AY63<>"",AY63,""), "")), IF(OR($F63="Inner Rim",$F63="Outer Rim",$F63="Microlite"), IF(AT63<>"",AT63,""), IF($F63="Not Categorized","", ""))) -> 7.7033741 | BE63: =IF(OR($F63="Core",$F63="Cpx Inclusion"), IF($Y63<67, IF(AP63<>"",AP63,""), IF($Y63>67, IF(AZ63<>"",AZ63,""), "")), IF(OR($F63="Inner Rim",$F63="Outer Rim",$F63="Microlite"), IF(AU63<>"",AU63,""), IF($F63="Not Categorized","", ""))) -> 0.87914565 | BF63: =IF(OR($F63="Core",$F63="Cpx Inclusion"), IF($Y63<67, IF(AQ63<>"",AQ63,""), IF($Y63>67, IF(BA63<>"",BA63,""), "")), IF(OR($F63="Inner Rim",$F63="Outer Rim",$F63="Microlite"), IF(AV63<>"",AV63,""), IF($F63="Not Categorized","", ""))) -> 1121.7513 | BG63: =IF(OR($F63="Core",$F63="Cpx Inclusion"), IF($Y63<67, IF(AR63<>"",AR63,""), IF($Y63>67, IF(BB63<>"",BB63,""), "")), IF(OR($F63="Inner Rim",$F63="Outer Rim",$F63="Microlite"), IF(AW63<>"",AW63,""), IF($F63="Not Categorized","", ""))) -> 13.912956 | BH63: =IF(OR($F63="Core",$F63="Cpx Inclusion"), IF($Y63<67, IF(AS63<>"",AS63,""), IF($Y63>67, IF(BC63<>"",BC63,""), "")), IF(OR($F63="Inner Rim",$F63="Outer Rim",$F63="Microlite"), IF(AX63<>"",AX63,""), IF($F63="Not Categorized","", ""))) -> 92 | BI63: 8.4318895 | BJ63: 5.9535426 | BK63: 9.8461862 | BL63: 1105.7003 | BM63: 1096.7476 | BN63: 1115.1338
A64: 59 | C64: TQ64 | D64: 118537 | E64: 6 | F64: Core | G64: This work | H64: Tajogaite 2021 | I64: 44540 | J64: 44543 | K64: Basanite | L64: 44.913 | M64: 2.451 | N64: 7.851 | O64: 10.074 | P64: 0.317 | Q64: 9.496 | R64: 23.726 | S64: 1.208 | T64: 0.009 | U64: 0.003 | X64: 100.048 | Y64: 62.690436 | Z64: 0.44 | AA64: 3.28 | AB64: 1.1 | AC64: 1.75 | AD64: 15.75 | AE64: 0.73 | AF64: 0.59 | AG64: 2.87 | AH64: 135.9 | AI64: 833.67 | AJ64: 100 | AK64: 0.67771149 | AL64: 0.54157968 | AM64: 0.089592584 | AN64: 0.093024232 | AO64: 5.7077056 | AP64: 0.1731452 | AQ64: 1000.7228 | AR64: 3.3150681 | AS64: 12 | BD64: =IF(OR($F64="Core",$F64="Cpx Inclusion"), IF($Y64<67, IF(AO64<>"",AO64,""), IF($Y64>67, IF(AY64<>"",AY64,""), "")), IF(OR($F64="Inner Rim",$F64="Outer Rim",$F64="Microlite"), IF(AT64<>"",AT64,""), IF($F64="Not Categorized","", ""))) -> 5.7077056 | BE64: =IF(OR($F64="Core",$F64="Cpx Inclusion"), IF($Y64<67, IF(AP64<>"",AP64,""), IF($Y64>67, IF(AZ64<>"",AZ64,""), "")), IF(OR($F64="Inner Rim",$F64="Outer Rim",$F64="Microlite"), IF(AU64<>"",AU64,""), IF($F64="Not Categorized","", ""))) -> 0.1731452 | BF64: =IF(OR($F64="Core",$F64="Cpx Inclusion"), IF($Y64<67, IF(AQ64<>"",AQ64,""), IF($Y64>67, IF(BA64<>"",BA64,""), "")), IF(OR($F64="Inner Rim",$F64="Outer Rim",$F64="Microlite"), IF(AV64<>"",AV64,""), IF($F64="Not Categorized","", ""))) -> 1000.7228 | BG64: =IF(OR($F64="Core",$F64="Cpx Inclusion"), IF($Y64<67, IF(AR64<>"",AR64,""), IF($Y64>67, IF(BB64<>"",BB64,""), "")), IF(OR($F64="Inner Rim",$F64="Outer Rim",$F64="Microlite"), IF(AW64<>"",AW64,""), IF($F64="Not Categorized","", ""))) -> 3.3150681 | BH64: =IF(OR($F64="Core",$F64="Cpx Inclusion"), IF($Y64<67, IF(AS64<>"",AS64,""), IF($Y64>67, IF(BC64<>"",BC64,""), "")), IF(OR($F64="Inner Rim",$F64="Outer Rim",$F64="Microlite"), IF(AX64<>"",AX64,""), IF($F64="Not Categorized","", ""))) -> 12 | BI64: 8.0585079 | BJ64: 7.2775192 | BK64: 8.8155346 | BL64: 967.66052 | BM64: 947.53763 | BN64: 989.53327
A65: 60 | C65: TQ64 | D65: 118537 | E65: 20 | F65: Core | G65: This work | H65: Tajogaite 2021 | I65: 44540 | J65: 44543 | K65: Basanite | L65: 46.558 | M65: 2.521 | N65: 6.479 | O65: 9.269 | P65: 0.342 | Q65: 10.497 | R65: 23.228 | S65: 1.211 | X65: 100.105 | Y65: 66.873305 | Z65: 0.43 | AA65: 3.24 | AB65: 1.22 | AC65: 1.82 | AD65: 15.66 | AE65: 0.7 | AF65: 0.6 | AG65: 2.85 | AH65: 100 | AI65: 100 | AJ65: 100 | AK65: 0.69259616 | AL65: 0.59385891 | AM65: 0.089093432 | AN65: 0.12070166 | AO65: 4.4037748 | AP65: 0.11121845 | AQ65: 1015.8601 | AR65: 3.9825775 | AS65: 462 | BD65: =IF(OR($F65="Core",$F65="Cpx Inclusion"), IF($Y65<67, IF(AO65<>"",AO65,""), IF($Y65>67, IF(AY65<>"",AY65,""), "")), IF(OR($F65="Inner Rim",$F65="Outer Rim",$F65="Microlite"), IF(AT65<>"",AT65,""), IF($F65="Not Categorized","", ""))) -> 4.4037748 | BE65: =IF(OR($F65="Core",$F65="Cpx Inclusion"), IF($Y65<67, IF(AP65<>"",AP65,""), IF($Y65>67, IF(AZ65<>"",AZ65,""), "")), IF(OR($F65="Inner Rim",$F65="Outer Rim",$F65="Microlite"), IF(AU65<>"",AU65,""), IF($F65="Not Categorized","", ""))) -> 0.11121845 | BF65: =IF(OR($F65="Core",$F65="Cpx Inclusion"), IF($Y65<67, IF(AQ65<>"",AQ65,""), IF($Y65>67, IF(BA65<>"",BA65,""), "")), IF(OR($F65="Inner Rim",$F65="Outer Rim",$F65="Microlite"), IF(AV65<>"",AV65,""), IF($F65="Not Categorized","", ""))) -> 1015.8601 | BG65: =IF(OR($F65="Core",$F65="Cpx Inclusion"), IF($Y65<67, IF(AR65<>"",AR65,""), IF($Y65>67, IF(BB65<>"",BB65,""), "")), IF(OR($F65="Inner Rim",$F65="Outer Rim",$F65="Microlite"), IF(AW65<>"",AW65,""), IF($F65="Not Categorized","", ""))) -> 3.9825775 | BH65: =IF(OR($F65="Core",$F65="Cpx Inclusion"), IF($Y65<67, IF(AS65<>"",AS65,""), IF($Y65>67, IF(BC65<>"",BC65,""), "")), IF(OR($F65="Inner Rim",$F65="Outer Rim",$F65="Microlite"), IF(AX65<>"",AX65,""), IF($F65="Not Categorized","", ""))) -> 462 | BI65: 7.7068663 | BJ65: 6.979445 | BK65: 8.3940444 | BL65: 980.49078 | BM65: 959.81827 | BN65: 1003.5277
A66: 61 | C66: TQ64 | D66: 118537 | E66: 21 | F66: Core | G66: This work | H66: Tajogaite 2021 | I66: 44540 | J66: 44543 | K66: Basanite | L66: 45.328 | M66: 3.121 | N66: 7.754 | O66: 8.349 | P66: 0.178 | Q66: 10.767 | R66: 23.491 | S66: 0.918 | T66: 0.007 | U66: 0.057 | X66: 99.97 | Y66: 69.686015 | Z66: 0.44 | AA66: 2.93 | AB66: 1.11 | AC66: 1.93 | AD66: 25.79 | AE66: 0.69 | AF66: 0.59 | AG66: 3.44 | AH66: 176.82 | AI66: 44.19 | AJ66: 100 | AK66: 0.7139362 | AL66: 0.60813169 | AM66: 0.067426261 | AN66: 0.10773869 | AY66: 7.6052809 | AZ66: 1.1957117 | BA66: 1095.7588 | BB66: 16.80705 | BC66: 24 | BD66: =IF(OR($F66="Core",$F66="Cpx Inclusion"), IF($Y66<67, IF(AO66<>"",AO66,""), IF($Y66>67, IF(AY66<>"",AY66,""), "")), IF(OR($F66="Inner Rim",$F66="Outer Rim",$F66="Microlite"), IF(AT66<>"",AT66,""), IF($F66="Not Categorized","", ""))) -> 7.6052809 | BE66: =IF(OR($F66="Core",$F66="Cpx Inclusion"), IF($Y66<67, IF(AP66<>"",AP66,""), IF($Y66>67, IF(AZ66<>"",AZ66,""), "")), IF(OR($F66="Inner Rim",$F66="Outer Rim",$F66="Microlite"), IF(AU66<>"",AU66,""), IF($F66="Not Categorized","", ""))) -> 1.1957117 | BF66: =IF(OR($F66="Core",$F66="Cpx Inclusion"), IF($Y66<67, IF(AQ66<>"",AQ66,""), IF($Y66>67, IF(BA66<>"",BA66,""), "")), IF(OR($F66="Inner Rim",$F66="Outer Rim",$F66="Microlite"), IF(AV66<>"",AV66,""), IF($F66="Not Categorized","", ""))) -> 1095.7588 | BG66: =IF(OR($F66="Core",$F66="Cpx Inclusion"), IF($Y66<67, IF(AR66<>"",AR66,""), IF($Y66>67, IF(BB66<>"",BB66,""), "")), IF(OR($F66="Inner Rim",$F66="Outer Rim",$F66="Microlite"), IF(AW66<>"",AW66,""), IF($F66="Not Categorized","", ""))) -> 16.80705 | BH66: =IF(OR($F66="Core",$F66="Cpx Inclusion"), IF($Y66<67, IF(AS66<>"",AS66,""), IF($Y66>67, IF(BC66<>"",BC66,""), "")), IF(OR($F66="Inner Rim",$F66="Outer Rim",$F66="Microlite"), IF(AX66<>"",AX66,""), IF($F66="Not Categorized","", ""))) -> 24 | BI66: 10.327131 | BJ66: 9.1583443 | BK66: 11.137169 | BL66: 1108.532 | BM66: 1101.152 | BN66: 1115.4922
A67: 62 | C67: TQ64 | D67: 118537 | E67: 31 | F67: Core | G67: This work | H67: Tajogaite 2021 | I67: 44540 | J67: 44543 | K67: Basanite | L67: 45.583 | M67: 2.907 | N67: 7.367 | O67: 9.575 | P67: 0.346 | Q67: 10.13 | R67: 23.594 | S67: 1.185 | W67: 0.01 | X67: 100.697 | Y67: 65.34847 | Z67: 0.44 | AA67: 2.98 | AB67: 1.13 | AC67: 1.79 | AD67: 15.7 | AE67: 0.71 | AF67: 0.59 | AG67: 2.91 | AH67: 100 | AI67: 100 | AJ67: 360.56 | AK67: 0.68666143 | AL67: 0.5720851 | AM67: 0.087026799 | AN67: 0.10429225 | AO67: 4.4472842 | AP67: 0.11530504 | AQ67: 1012.7449 | AR67: 3.6706644 | AS67: 82 | AY67: 6.9507787 | AZ67: 1.491077 | BA67: 1080.7328 | BB67: 17.217492 | BC67: 15 | BD67: =IF(OR($F67="Core",$F67="Cpx Inclusion"), IF($Y67<67, IF(AO67<>"",AO67,""), IF($Y67>67, IF(AY67<>"",AY67,""), "")), IF(OR($F67="Inner Rim",$F67="Outer Rim",$F67="Microlite"), IF(AT67<>"",AT67,""), IF($F67="Not Categorized","", ""))) -> 4.4472842 | BE67: =IF(OR($F67="Core",$F67="Cpx Inclusion"), IF($Y67<67, IF(AP67<>"",AP67,""), IF($Y67>67, IF(AZ67<>"",AZ67,""), "")), IF(OR($F67="Inner Rim",$F67="Outer Rim",$F67="Microlite"), IF(AU67<>"",AU67,""), IF($F67="Not Categorized","", ""))) -> 0.11530504 | BF67: =IF(OR($F67="Core",$F67="Cpx Inclusion"), IF($Y67<67, IF(AQ67<>"",AQ67,""), IF($Y67>67, IF(BA67<>"",BA67,""), "")), IF(OR($F67="Inner Rim",$F67="Outer Rim",$F67="Microlite"), IF(AV67<>"",AV67,""), IF($F67="Not Categorized","", ""))) -> 1012.7449 | BG67: =IF(OR($F67="Core",$F67="Cpx Inclusion"), IF($Y67<67, IF(AR67<>"",AR67,""), IF($Y67>67, IF(BB67<>"",BB67,""), "")), IF(OR($F67="Inner Rim",$F67="Outer Rim",$F67="Microlite"), IF(AW67<>"",AW67,""), IF($F67="Not Categorized","", ""))) -> 3.6706644 | BH67: =IF(OR($F67="Core",$F67="Cpx Inclusion"), IF($Y67<67, IF(AS67<>"",AS67,""), IF($Y67>67, IF(BC67<>"",BC67,""), "")), IF(OR($F67="Inner Rim",$F67="Outer Rim",$F67="Microlite"), IF(AX67<>"",AX67,""), IF($F67="Not Categorized","", ""))) -> 82 | BI67: 7.593049 | BJ67: 6.9096937 | BK67: 8.3231512 | BL67: 979.3645 | BM67: 958.62112 | BN67: 1002.8701
A68: 63 | B68: 3 | C68: TQ64 | D68: 118537 | E68: 42 | F68: Core | G68: This work | H68: Tajogaite 2021 | I68: 44540 | J68: 44543 | K68: Basanite | L68: 48.208 | M68: 2.193 | N68: 5.791 | O68: 6.109 | P68: 0.087 | Q68: 13.531 | R68: 22.844 | S68: 0.588 | X68: 99.351 | Y68: 79.790742 | Z68: 0.42 | AA68: 3.54 | AB68: 1.29 | AC68: 2.27 | AD68: 51.51 | AE68: 0.6 | AF68: 0.61 | AG68: 4.53 | AH68: 100 | AI68: 100 | AJ68: 100 | AK68: 0.7135146 | AL68: 0.75481151 | AM68: 0.042654948 | AN68: 0.10896004 | BD68: =IF(OR($F68="Core",$F68="Cpx Inclusion"), IF($Y68<67, IF(AO68<>"",AO68,""), IF($Y68>67, IF(AY68<>"",AY68,""), "")), IF(OR($F68="Inner Rim",$F68="Outer Rim",$F68="Microlite"), IF(AT68<>"",AT68,""), IF($F68="Not Categorized","", ""))) | BE68: =IF(OR($F68="Core",$F68="Cpx Inclusion"), IF($Y68<67, IF(AP68<>"",AP68,""), IF($Y68>67, IF(AZ68<>"",AZ68,""), "")), IF(OR($F68="Inner Rim",$F68="Outer Rim",$F68="Microlite"), IF(AU68<>"",AU68,""), IF($F68="Not Categorized","", ""))) | BF68: =IF(OR($F68="Core",$F68="Cpx Inclusion"), IF($Y68<67, IF(AQ68<>"",AQ68,""), IF($Y68>67, IF(BA68<>"",BA68,""), "")), IF(OR($F68="Inner Rim",$F68="Outer Rim",$F68="Microlite"), IF(AV68<>"",AV68,""), IF($F68="Not Categorized","", ""))) | BG68: =IF(OR($F68="Core",$F68="Cpx Inclusion"), IF($Y68<67, IF(AR68<>"",AR68,""), IF($Y68>67, IF(BB68<>"",BB68,""), "")), IF(OR($F68="Inner Rim",$F68="Outer Rim",$F68="Microlite"), IF(AW68<>"",AW68,""), IF($F68="Not Categorized","", ""))) | BH68: =IF(OR($F68="Core",$F68="Cpx Inclusion"), IF($Y68<67, IF(AS68<>"",AS68,""), IF($Y68>67, IF(BC68<>"",BC68,""), "")), IF(OR($F68="Inner Rim",$F68="Outer Rim",$F68="Microlite"), IF(AX68<>"",AX68,""), IF($F68="Not Categorized","", ""))) | BI68: 3.6223455 | BJ68: 3.0279116 | BK68: 4.2490787 | BL68: 1138.7131 | BM68: 1127.5503 | BN68: 1150.1769
A69: 64 | B69: 4 | C69: TQ64 | D69: 118537 | E69: 43 | F69: Core | G69: This work | H69: Tajogaite 2021 | I69: 44540 | J69: 44543 | K69: Basanite | L69: 46.105 | M69: 2.975 | N69: 7.628 | O69: 7.068 | P69: 0.087 | Q69: 12.451 | R69: 23.225 | S69: 0.773 | T69: 0.005 | U69: 0.035 | X69: 100.352 | Y69: 75.846271 | Z69: 0.43 | AA69: 3.03 | AB69: 1.12 | AC69: 2.1 | AD69: 48.33 | AE69: 0.63 | AF69: 0.6 | AG69: 3.68 | AH69: 245.76 | AI69: 72.1 | AJ69: 100 | AK69: 0.71251502 | AL69: 0.69438433 | AM69: 0.056060716 | AN69: 0.069803723 | AT69: 6.5832878 | AU69: 0.5983567 | AV69: 1160.548 | AW69: 15.126029 | AX69: 69 | AY69: 7.8159521 | AZ69: 1.1537913 | BA69: 1124.4506 | BB69: 13.915332 | BC69: 18 | BD69: =IF(OR($F69="Core",$F69="Cpx Inclusion"), IF($Y69<67, IF(AO69<>"",AO69,""), IF($Y69>67, IF(AY69<>"",AY69,""), "")), IF(OR($F69="Inner Rim",$F69="Outer Rim",$F69="Microlite"), IF(AT69<>"",AT69,""), IF($F69="Not Categorized","", ""))) -> 7.8159521 | BE69: =IF(OR($F69="Core",$F69="Cpx Inclusion"), IF($Y69<67, IF(AP69<>"",AP69,""), IF($Y69>67, IF(AZ69<>"",AZ69,""), "")), IF(OR($F69="Inner Rim",$F69="Outer Rim",$F69="Microlite"), IF(AU69<>"",AU69,""), IF($F69="Not Categorized","", ""))) -> 1.1537913 | BF69: =IF(OR($F69="Core",$F69="Cpx Inclusion"), IF($Y69<67, IF(AQ69<>"",AQ69,""), IF($Y69>67, IF(BA69<>"",BA69,""), "")), IF(OR($F69="Inner Rim",$F69="Outer Rim",$F69="Microlite"), IF(AV69<>"",AV69,""), IF($F69="Not Categorized","", ""))) -> 1124.4506 | BG69: =IF(OR($F69="Core",$F69="Cpx Inclusion"), IF($Y69<67, IF(AR69<>"",AR69,""), IF($Y69>67, IF(BB69<>"",BB69,""), "")), IF(OR($F69="Inner Rim",$F69="Outer Rim",$F69="Microlite"), IF(AW69<>"",AW69,""), IF($F69="Not Categorized","", ""))) -> 13.915332 | BH69: =IF(OR($F69="Core",$F69="Cpx Inclusion"), IF($Y69<67, IF(AS69<>"",AS69,""), IF($Y69>67, IF(BC69<>"",BC69,""), "")), IF(OR($F69="Inner Rim",$F69="Outer Rim",$F69="Microlite"), IF(AX69<>"",AX69,""), IF($F69="Not Categorized","", ""))) -> 18 | BI69: 12.12672 | BJ69: 9.8795535 | BK69: 13.928439 | BL69: 1152.9341 | BM69: 1137.9817 | BN69: 1169.0492
A70: 65 | B70: 5 | C70: TQ64 | D70: 118537 | E70: 44 | F70: Core | G70: This work | H70: Tajogaite 2021 | I70: 44540 | J70: 44543 | K70: Basanite | L70: 48.716 | M70: 1.911 | N70: 5.187 | O70: 6.522 | P70: 0.132 | Q70: 13.851 | R70: 22.484 | S70: 0.662 | W70: 0.024 | X70: 99.489 | Y70: 79.104282 | Z70: 0.42 | AA70: 3.82 | AB70: 1.37 | AC70: 2.19 | AD70: 35.9 | AE70: 0.59 | AF70: 0.61 | AG70: 4.11 | AH70: 100 | AI70: 100 | AJ70: 141.42 | AK70: 0.69653977 | AL70: 0.77232206 | AM70: 0.048001938 | AN70: 0.10571507 | BD70: =IF(OR($F70="Core",$F70="Cpx Inclusion"), IF($Y70<67, IF(AO70<>"",AO70,""), IF($Y70>67, IF(AY70<>"",AY70,""), "")), IF(OR($F70="Inner Rim",$F70="Outer Rim",$F70="Microlite"), IF(AT70<>"",AT70,""), IF($F70="Not Categorized","", ""))) | BE70: =IF(OR($F70="Core",$F70="Cpx Inclusion"), IF($Y70<67, IF(AP70<>"",AP70,""), IF($Y70>67, IF(AZ70<>"",AZ70,""), "")), IF(OR($F70="Inner Rim",$F70="Outer Rim",$F70="Microlite"), IF(AU70<>"",AU70,""), IF($F70="Not Categorized","", ""))) | BF70: =IF(OR($F70="Core",$F70="Cpx Inclusion"), IF($Y70<67, IF(AQ70<>"",AQ70,""), IF($Y70>67, IF(BA70<>"",BA70,""), "")), IF(OR($F70="Inner Rim",$F70="Outer Rim",$F70="Microlite"), IF(AV70<>"",AV70,""), IF($F70="Not Categorized","", ""))) | BG70: =IF(OR($F70="Core",$F70="Cpx Inclusion"), IF($Y70<67, IF(AR70<>"",AR70,""), IF($Y70>67, IF(BB70<>"",BB70,""), "")), IF(OR($F70="Inner Rim",$F70="Outer Rim",$F70="Microlite"), IF(AW70<>"",AW70,""), IF($F70="Not Categorized","", ""))) | BH70: =IF(OR($F70="Core",$F70="Cpx Inclusion"), IF($Y70<67, IF(AS70<>"",AS70,""), IF($Y70>67, IF(BC70<>"",BC70,""), "")), IF(OR($F70="Inner Rim",$F70="Outer Rim",$F70="Microlite"), IF(AX70<>"",AX70,""), IF($F70="Not Categorized","", ""))) | BI70: 3.8251701 | BJ70: 3.1226937 | BK70: 4.8218764 | BL70: 1106.8 | BM70: 1100.0767 | BN70: 1113.2463
A71: 66 | C71: TQ76 | D71: 118675 | E71: 92 | F71: Core | G71: This work | H71: Tajogaite 2021 | I71: 44534 | J71: 44534 | K71: Basanite | L71: 47.619 | M71: 1.882 | N71: 5.341 | O71: 9.815 | P71: 0.203 | Q71: 10.732 | R71: 22.538 | S71: 1.257 | T71: 0.008 | U71: 0.002 | W71: 0.022 | X71: 99.419 | Y71: 66.091277 | Z71: 0.43 | AA71: 3.87 | AB71: 1.37 | AC71: 1.79 | AD71: 22.3 | AE71: 0.68 | AF71: 0.59 | AG71: 2.75 | AH71: 157.95 | AI71: 1688.19 | AJ71: 175.89 | AK71: 0.67166498 | AL71: 0.61043125 | AM71: 0.092976853 | AN71: 0.15042455 | AO71: 4.4730337 | AP71: 0.11502522 | AQ71: 1015.1365 | AR71: 4.2754252 | AS71: 986 | BD71: =IF(OR($F71="Core",$F71="Cpx Inclusion"), IF($Y71<67, IF(AO71<>"",AO71,""), IF($Y71>67, IF(AY71<>"",AY71,""), "")), IF(OR($F71="Inner Rim",$F71="Outer Rim",$F71="Microlite"), IF(AT71<>"",AT71,""), IF($F71="Not Categorized","", ""))) -> 4.4730337 | BE71: =IF(OR($F71="Core",$F71="Cpx Inclusion"), IF($Y71<67, IF(AP71<>"",AP71,""), IF($Y71>67, IF(AZ71<>"",AZ71,""), "")), IF(OR($F71="Inner Rim",$F71="Outer Rim",$F71="Microlite"), IF(AU71<>"",AU71,""), IF($F71="Not Categorized","", ""))) -> 0.11502522 | BF71: =IF(OR($F71="Core",$F71="Cpx Inclusion"), IF($Y71<67, IF(AQ71<>"",AQ71,""), IF($Y71>67, IF(BA71<>"",BA71,""), "")), IF(OR($F71="Inner Rim",$F71="Outer Rim",$F71="Microlite"), IF(AV71<>"",AV71,""), IF($F71="Not Categorized","", ""))) -> 1015.1365 | BG71: =IF(OR($F71="Core",$F71="Cpx Inclusion"), IF($Y71<67, IF(AR71<>"",AR71,""), IF($Y71>67, IF(BB71<>"",BB71,""), "")), IF(OR($F71="Inner Rim",$F71="Outer Rim",$F71="Microlite"), IF(AW71<>"",AW71,""), IF($F71="Not Categorized","", ""))) -> 4.2754252 | BH71: =IF(OR($F71="Core",$F71="Cpx Inclusion"), IF($Y71<67, IF(AS71<>"",AS71,""), IF($Y71>67, IF(BC71<>"",BC71,""), "")), IF(OR($F71="Inner Rim",$F71="Outer Rim",$F71="Microlite"), IF(AX71<>"",AX71,""), IF($F71="Not Categorized","", ""))) -> 986 | BI71: 6.9975915 | BJ71: 6.3146437 | BK71: 7.7580814 | BL71: 1026.5905 | BM71: 1009.8222 | BN71: 1039.9784
A72: 67 | C72: TQ76 | D72: 118675 | E72: 93 | F72: Core | G72: This work | H72: Tajogaite 2021 | I72: 44534 | J72: 44534 | K72: Basanite | L72: 45.983 | M72: 2.9 | N72: 6.916 | O72: 8.821 | P72: 0.163 | Q72: 10.505 | R72: 22.886 | S72: 1.096 | U72: 0.006 | W72: 0.03 | X72: 99.306 | Y72: 67.978033 | Z72: 0.44 | AA72: 3.01 | AB72: 1.19 | AC72: 1.89 | AD72: 26.01 | AE72: 0.69 | AF72: 0.58 | AG72: 2.96 | AH72: 100 | AI72: 428.66 | AJ72: 128.89 | AK72: 0.7006705 | AL72: 0.59730508 | AM72: 0.081039019 | AN72: 0.14082787 | BD72: =IF(OR($F72="Core",$F72="Cpx Inclusion"), IF($Y72<67, IF(AO72<>"",AO72,""), IF($Y72>67, IF(AY72<>"",AY72,""), "")), IF(OR($F72="Inner Rim",$F72="Outer Rim",$F72="Microlite"), IF(AT72<>"",AT72,""), IF($F72="Not Categorized","", ""))) | BE72: =IF(OR($F72="Core",$F72="Cpx Inclusion"), IF($Y72<67, IF(AP72<>"",AP72,""), IF($Y72>67, IF(AZ72<>"",AZ72,""), "")), IF(OR($F72="Inner Rim",$F72="Outer Rim",$F72="Microlite"), IF(AU72<>"",AU72,""), IF($F72="Not Categorized","", ""))) | BF72: =IF(OR($F72="Core",$F72="Cpx Inclusion"), IF($Y72<67, IF(AQ72<>"",AQ72,""), IF($Y72>67, IF(BA72<>"",BA72,""), "")), IF(OR($F72="Inner Rim",$F72="Outer Rim",$F72="Microlite"), IF(AV72<>"",AV72,""), IF($F72="Not Categorized","", ""))) | BG72: =IF(OR($F72="Core",$F72="Cpx Inclusion"), IF($Y72<67, IF(AR72<>"",AR72,""), IF($Y72>67, IF(BB72<>"",BB72,""), "")), IF(OR($F72="Inner Rim",$F72="Outer Rim",$F72="Microlite"), IF(AW72<>"",AW72,""), IF($F72="Not Categorized","", ""))) | BH72: =IF(OR($F72="Core",$F72="Cpx Inclusion"), IF($Y72<67, IF(AS72<>"",AS72,""), IF($Y72>67, IF(BC72<>"",BC72,""), "")), IF(OR($F72="Inner Rim",$F72="Outer Rim",$F72="Microlite"), IF(AX72<>"",AX72,""), IF($F72="Not Categorized","", ""))) | BI72: 9.6286087 | BJ72: 9.0622893 | BK72: 10.212245 | BL72: 1085.1951 | BM72: 1062.0676 | BN72: 1100.3266
A73: 68 | C73: TQ76 | D73: 118675 | E73: 94 | F73: Core | G73: This work | H73: Tajogaite 2021 | I73: 44534 | J73: 44534 | K73: Basanite | L73: 46.657 | M73: 2.956 | N73: 6.859 | O73: 6.884 | P73: 0.131 | Q73: 12.943 | R73: 23.147 | S73: 0.65 | T73: 0.007 | U73: 0.056 | W73: 0.008 | X73: 100.298 | Y73: 77.019305 | Z73: 0.44 | AA73: 2.96 | AB73: 1.2 | AC73: 2.15 | AD73: 30.43 | AE73: 0.61 | AF73: 0.58 | AG73: 4.08 | AH73: 170.09 | AI73: 48.57 | AJ73: 463.08 | AK73: 0.70461235 | AL73: 0.72112016 | AM73: 0.047094427 | AN73: 0.083139793 | AT73: 6.1311451 | AU73: 0.58863243 | AV73: 1155.2545 | AW73: 15.805879 | AX73: 74 | AY73: 6.8454577 | AZ73: 0.99386068 | BA73: 1116.1456 | BB73: 13.502737 | BC73: 28 | BD73: =IF(OR($F73="Core",$F73="Cpx Inclusion"), IF($Y73<67, IF(AO73<>"",AO73,""), IF($Y73>67, IF(AY73<>"",AY73,""), "")), IF(OR($F73="Inner Rim",$F73="Outer Rim",$F73="Microlite"), IF(AT73<>"",AT73,""), IF($F73="Not Categorized","", ""))) -> 6.8454577 | BE73: =IF(OR($F73="Core",$F73="Cpx Inclusion"), IF($Y73<67, IF(AP73<>"",AP73,""), IF($Y73>67, IF(AZ73<>"",AZ73,""), "")), IF(OR($F73="Inner Rim",$F73="Outer Rim",$F73="Microlite"), IF(AU73<>"",AU73,""), IF($F73="Not Categorized","", ""))) -> 0.99386068 | BF73: =IF(OR($F73="Core",$F73="Cpx Inclusion"), IF($Y73<67, IF(AQ73<>"",AQ73,""), IF($Y73>67, IF(BA73<>"",BA73,""), "")), IF(OR($F73="Inner Rim",$F73="Outer Rim",$F73="Microlite"), IF(AV73<>"",AV73,""), IF($F73="Not Categorized","", ""))) -> 1116.1456 | BG73: =IF(OR($F73="Core",$F73="Cpx Inclusion"), IF($Y73<67, IF(AR73<>"",AR73,""), IF($Y73>67, IF(BB73<>"",BB73,""), "")), IF(OR($F73="Inner Rim",$F73="Outer Rim",$F73="Microlite"), IF(AW73<>"",AW73,""), IF($F73="Not Categorized","", ""))) -> 13.502737 | BH73: =IF(OR($F73="Core",$F73="Cpx Inclusion"), IF($Y73<67, IF(AS73<>"",AS73,""), IF($Y73>67, IF(BC73<>"",BC73,""), "")), IF(OR($F73="Inner Rim",$F73="Outer Rim",$F73="Microlite"), IF(AX73<>"",AX73,""), IF($F73="Not Categorized","", ""))) -> 28 | BI73: 4.4707521 | BJ73: 3.0894486 | BK73: 6.6967647 | BL73: 1127.7168 | BM73: 1117.4496 | BN73: 1138.7569
A74: 69 | C74: TQ76 | D74: 118675 | E74: 95 | F74: Core | G74: This work | H74: Tajogaite 2021 | I74: 44534 | J74: 44534 | K74: Basanite | L74: 47.258 | M74: 2.724 | N74: 5.869 | O74: 6.499 | P74: 0.207 | Q74: 13.444 | R74: 23.249 | S74: 0.571 | T74: 0.004 | U74: 0.059 | W74: 0.033 | X74: 99.917 | Y74: 78.666369 | Z74: 0.44 | AA74: 3.1 | AB74: 1.3 | AC74: 2.22 | AD74: 20.38 | AE74: 0.6 | AF74: 0.58 | AG74: 4.43 | AH74: 285.34 | AI74: 44.98 | AJ74: 120.76 | AK74: 0.7067241 | AL74: 0.75077951 | AM74: 0.041467083 | AN74: 0.079104516 | BD74: =IF(OR($F74="Core",$F74="Cpx Inclusion"), IF($Y74<67, IF(AO74<>"",AO74,""), IF($Y74>67, IF(AY74<>"",AY74,""), "")), IF(OR($F74="Inner Rim",$F74="Outer Rim",$F74="Microlite"), IF(AT74<>"",AT74,""), IF($F74="Not Categorized","", ""))) | BE74: =IF(OR($F74="Core",$F74="Cpx Inclusion"), IF($Y74<67, IF(AP74<>"",AP74,""), IF($Y74>67, IF(AZ74<>"",AZ74,""), "")), IF(OR($F74="Inner Rim",$F74="Outer Rim",$F74="Microlite"), IF(AU74<>"",AU74,""), IF($F74="Not Categorized","", ""))) | BF74: =IF(OR($F74="Core",$F74="Cpx Inclusion"), IF($Y74<67, IF(AQ74<>"",AQ74,""), IF($Y74>67, IF(BA74<>"",BA74,""), "")), IF(OR($F74="Inner Rim",$F74="Outer Rim",$F74="Microlite"), IF(AV74<>"",AV74,""), IF($F74="Not Categorized","", ""))) | BG74: =IF(OR($F74="Core",$F74="Cpx Inclusion"), IF($Y74<67, IF(AR74<>"",AR74,""), IF($Y74>67, IF(BB74<>"",BB74,""), "")), IF(OR($F74="Inner Rim",$F74="Outer Rim",$F74="Microlite"), IF(AW74<>"",AW74,""), IF($F74="Not Categorized","", ""))) | BH74: =IF(OR($F74="Core",$F74="Cpx Inclusion"), IF($Y74<67, IF(AS74<>"",AS74,""), IF($Y74>67, IF(BC74<>"",BC74,""), "")), IF(OR($F74="Inner Rim",$F74="Outer Rim",$F74="Microlite"), IF(AX74<>"",AX74,""), IF($F74="Not Categorized","", ""))) | BI74: 2.7777322 | BJ74: 2.1641319 | BK74: 3.3794081 | BL74: 1105.458 | BM74: 1097.7228 | BN74: 1114.7592
A75: 70 | C75: TQ76 | D75: 118675 | E75: 96 | F75: Core | G75: This work | H75: Tajogaite 2021 | I75: 44534 | J75: 44534 | K75: Basanite | L75: 47.16 | M75: 2.616 | N75: 6.059 | O75: 6.594 | P75: 0.066 | Q75: 13.335 | R75: 22.996 | S75: 0.571 | U75: 0.051 | X75: 99.448 | Y75: 78.283736 | Z75: 0.44 | AA75: 3.21 | AB75: 1.27 | AC75: 2.2 | AD75: 58.79 | AE75: 0.6 | AF75: 0.58 | AG75: 4.54 | AH75: 100 | AI75: 51.92 | AJ75: 100 | AK75: 0.70406496 | AL75: 0.74706244 | AM75: 0.041599054 | AN75: 0.089220809 | AT75: 5.776711 | AU75: 0.65262803 | AV75: 1150.6645 | AW75: 17.091934 | AX75: 55 | BD75: =IF(OR($F75="Core",$F75="Cpx Inclusion"), IF($Y75<67, IF(AO75<>"",AO75,""), IF($Y75>67, IF(AY75<>"",AY75,""), "")), IF(OR($F75="Inner Rim",$F75="Outer Rim",$F75="Microlite"), IF(AT75<>"",AT75,""), IF($F75="Not Categorized","", ""))) | BE75: =IF(OR($F75="Core",$F75="Cpx Inclusion"), IF($Y75<67, IF(AP75<>"",AP75,""), IF($Y75>67, IF(AZ75<>"",AZ75,""), "")), IF(OR($F75="Inner Rim",$F75="Outer Rim",$F75="Microlite"), IF(AU75<>"",AU75,""), IF($F75="Not Categorized","", ""))) | BF75: =IF(OR($F75="Core",$F75="Cpx Inclusion"), IF($Y75<67, IF(AQ75<>"",AQ75,""), IF($Y75>67, IF(BA75<>"",BA75,""), "")), IF(OR($F75="Inner Rim",$F75="Outer Rim",$F75="Microlite"), IF(AV75<>"",AV75,""), IF($F75="Not Categorized","", ""))) | BG75: =IF(OR($F75="Core",$F75="Cpx Inclusion"), IF($Y75<67, IF(AR75<>"",AR75,""), IF($Y75>67, IF(BB75<>"",BB75,""), "")), IF(OR($F75="Inner Rim",$F75="Outer Rim",$F75="Microlite"), IF(AW75<>"",AW75,""), IF($F75="Not Categorized","", ""))) | BH75: =IF(OR($F75="Core",$F75="Cpx Inclusion"), IF($Y75<67, IF(AS75<>"",AS75,""), IF($Y75>67, IF(BC75<>"",BC75,""), "")), IF(OR($F75="Inner Rim",$F75="Outer Rim",$F75="Microlite"), IF(AX75<>"",AX75,""), IF($F75="Not Categorized","", ""))) | BI75: 2.5895515 | BJ75: 1.9417889 | BK75: 3.2789479 | BL75: 1125.9832 | BM75: 1114.6537 | BN75: 1138.3175
A76: 71 | C76: TQ76 | D76: 118675 | E76: 97 | F76: Core | G76: This work | H76: Tajogaite 2021 | I76: 44534 | J76: 44534 | K76: Basanite | L76: 46.157 | M76: 3.195 | N76: 7.23 | O76: 6.938 | P76: 0.127 | Q76: 12.886 | R76: 23.194 | S76: 0.631 | U76: 0.04 | W76: 0.068 | X76: 100.466 | Y76: 76.802172 | Z76: 0.44 | AA76: 2.85 | AB76: 1.16 | AC76: 2.13 | AD76: 29.55 | AE76: 0.62 | AF76: 0.58 | AG76: 4.14 | AH76: 100 | AI76: 70.54 | AJ76: 59.19 | AK76: 0.71028312 | AL76: 0.71803099 | AM76: 0.045723334 | AN76: 0.075922547 | AT76: 6.2407258 | AU76: 0.64078478 | AV76: 1152.9673 | AW76: 16.13562 | AX76: 130 | AY76: 6.9423856 | AZ76: 0.61441793 | BA76: 1120.6104 | BB76: 13.462689 | BC76: 174 | BD76: =IF(OR($F76="Core",$F76="Cpx Inclusion"), IF($Y76<67, IF(AO76<>"",AO76,""), IF($Y76>67, IF(AY76<>"",AY76,""), "")), IF(OR($F76="Inner Rim",$F76="Outer Rim",$F76="Microlite"), IF(AT76<>"",AT76,""), IF($F76="Not Categorized","", ""))) -> 6.9423856 | BE76: =IF(OR($F76="Core",$F76="Cpx Inclusion"), IF($Y76<67, IF(AP76<>"",AP76,""), IF($Y76>67, IF(AZ76<>"",AZ76,""), "")), IF(OR($F76="Inner Rim",$F76="Outer Rim",$F76="Microlite"), IF(AU76<>"",AU76,""), IF($F76="Not Categorized","", ""))) -> 0.61441793 | BF76: =IF(OR($F76="Core",$F76="Cpx Inclusion"), IF($Y76<67, IF(AQ76<>"",AQ76,""), IF($Y76>67, IF(BA76<>"",BA76,""), "")), IF(OR($F76="Inner Rim",$F76="Outer Rim",$F76="Microlite"), IF(AV76<>"",AV76,""), IF($F76="Not Categorized","", ""))) -> 1120.6104 | BG76: =IF(OR($F76="Core",$F76="Cpx Inclusion"), IF($Y76<67, IF(AR76<>"",AR76,""), IF($Y76>67, IF(BB76<>"",BB76,""), "")), IF(OR($F76="Inner Rim",$F76="Outer Rim",$F76="Microlite"), IF(AW76<>"",AW76,""), IF($F76="Not Categorized","", ""))) -> 13.462689 | BH76: =IF(OR($F76="Core",$F76="Cpx Inclusion"), IF($Y76<67, IF(AS76<>"",AS76,""), IF($Y76>67, IF(BC76<>"",BC76,""), "")), IF(OR($F76="Inner Rim",$F76="Outer Rim",$F76="Microlite"), IF(AX76<>"",AX76,""), IF($F76="Not Categorized","", ""))) -> 174 | BI76: 4.325548 | BJ76: 2.9726095 | BK76: 6.5499894 | BL76: 1131.3259 | BM76: 1120.6966 | BN76: 1143.7342
A77: 72 | C77: TQ76 | D77: 118675 | E77: 98 | F77: Core | G77: This work | H77: Tajogaite 2021 | I77: 44534 | J77: 44534 | K77: Basanite | L77: 46.212 | M77: 2.997 | N77: 7.164 | O77: 6.624 | P77: 0.12 | Q77: 13.061 | R77: 23.258 | S77: 0.61 | U77: 0.032 | W77: 0.035 | X77: 100.113 | Y77: 77.850539 | Z77: 0.44 | AA77: 2.95 | AB77: 1.17 | AC77: 2.19 | AD77: 33.33 | AE77: 0.61 | AF77: 0.58 | AG77: 4.24 | AH77: 100 | AI77: 86.89 | AJ77: 103.49 | AK77: 0.7104984 | AL77: 0.72902388 | AM77: 0.044277045 | AN77: 0.063383709 | AT77: 6.1082412 | AU77: 0.56864088 | AV77: 1155.8607 | AW77: 15.857892 | AX77: 93 | AY77: 6.7444896 | AZ77: 0.79164229 | BA77: 1114.468 | BB77: 13.519533 | BC77: 63 | BD77: =IF(OR($F77="Core",$F77="Cpx Inclusion"), IF($Y77<67, IF(AO77<>"",AO77,""), IF($Y77>67, IF(AY77<>"",AY77,""), "")), IF(OR($F77="Inner Rim",$F77="Outer Rim",$F77="Microlite"), IF(AT77<>"",AT77,""), IF($F77="Not Categorized","", ""))) -> 6.7444896 | BE77: =IF(OR($F77="Core",$F77="Cpx Inclusion"), IF($Y77<67, IF(AP77<>"",AP77,""), IF($Y77>67, IF(AZ77<>"",AZ77,""), "")), IF(OR($F77="Inner Rim",$F77="Outer Rim",$F77="Microlite"), IF(AU77<>"",AU77,""), IF($F77="Not Categorized","", ""))) -> 0.79164229 | BF77: =IF(OR($F77="Core",$F77="Cpx Inclusion"), IF($Y77<67, IF(AQ77<>"",AQ77,""), IF($Y77>67, IF(BA77<>"",BA77,""), "")), IF(OR($F77="Inner Rim",$F77="Outer Rim",$F77="Microlite"), IF(AV77<>"",AV77,""), IF($F77="Not Categorized","", ""))) -> 1114.468 | BG77: =IF(OR($F77="Core",$F77="Cpx Inclusion"), IF($Y77<67, IF(AR77<>"",AR77,""), IF($Y77>67, IF(BB77<>"",BB77,""), "")), IF(OR($F77="Inner Rim",$F77="Outer Rim",$F77="Microlite"), IF(AW77<>"",AW77,""), IF($F77="Not Categorized","", ""))) -> 13.519533 | BH77: =IF(OR($F77="Core",$F77="Cpx Inclusion"), IF($Y77<67, IF(AS77<>"",AS77,""), IF($Y77>67, IF(BC77<>"",BC77,""), "")), IF(OR($F77="Inner Rim",$F77="Outer Rim",$F77="Microlite"), IF(AX77<>"",AX77,""), IF($F77="Not Categorized","", ""))) -> 63 | BI77: 4.0863868 | BJ77: 2.8408221 | BK77: 5.802063 | BL77: 1142.2891 | BM77: 1130.1821 | BN77: 1153.1662
A78: 73 | C78: TQ76 | D78: 118675 | E78: 99 | F78: Core | G78: This work | H78: Tajogaite 2021 | I78: 44534 | J78: 44534 | K78: Basanite | L78: 46.053 | M78: 3.352 | N78: 7.253 | O78: 6.331 | P78: 0.095 | Q78: 12.707 | R78: 22.315 | S78: 0.59 | T78: 0.037 | U78: 0.07 | X78: 98.803 | Y78: 78.155328 | Z78: 0.44 | AA78: 2.76 | AB78: 1.16 | AC78: 2.27 | AD78: 41.07 | AE78: 0.62 | AF78: 0.59 | AG78: 4.29 | AH78: 33.54 | AI78: 39.76 | AJ78: 305349952 | AK78: 0.72692716 | AL78: 0.71543253 | AM78: 0.043197751 | AN78: 0.12541577 | AT78: 7.0145826 | AU78: 0.59608406 | AV78: 1150.6146 | AW78: 13.191203 | AX78: 848 | AY78: 7.4285241 | AZ78: 0.68639692 | BA78: 1138.2115 | BB78: 18.395065 | BC78: 852 | BD78: =IF(OR($F78="Core",$F78="Cpx Inclusion"), IF($Y78<67, IF(AO78<>"",AO78,""), IF($Y78>67, IF(AY78<>"",AY78,""), "")), IF(OR($F78="Inner Rim",$F78="Outer Rim",$F78="Microlite"), IF(AT78<>"",AT78,""), IF($F78="Not Categorized","", ""))) -> 7.4285241 | BE78: =IF(OR($F78="Core",$F78="Cpx Inclusion"), IF($Y78<67, IF(AP78<>"",AP78,""), IF($Y78>67, IF(AZ78<>"",AZ78,""), "")), IF(OR($F78="Inner Rim",$F78="Outer Rim",$F78="Microlite"), IF(AU78<>"",AU78,""), IF($F78="Not Categorized","", ""))) -> 0.68639692 | BF78: =IF(OR($F78="Core",$F78="Cpx Inclusion"), IF($Y78<67, IF(AQ78<>"",AQ78,""), IF($Y78>67, IF(BA78<>"",BA78,""), "")), IF(OR($F78="Inner Rim",$F78="Outer Rim",$F78="Microlite"), IF(AV78<>"",AV78,""), IF($F78="Not Categorized","", ""))) -> 1138.2115 | BG78: =IF(OR($F78="Core",$F78="Cpx Inclusion"), IF($Y78<67, IF(AR78<>"",AR78,""), IF($Y78>67, IF(BB78<>"",BB78,""), "")), IF(OR($F78="Inner Rim",$F78="Outer Rim",$F78="Microlite"), IF(AW78<>"",AW78,""), IF($F78="Not Categorized","", ""))) -> 18.395065 | BH78: =IF(OR($F78="Core",$F78="Cpx Inclusion"), IF($Y78<67, IF(AS78<>"",AS78,""), IF($Y78>67, IF(BC78<>"",BC78,""), "")), IF(OR($F78="Inner Rim",$F78="Outer Rim",$F78="Microlite"), IF(AX78<>"",AX78,""), IF($F78="Not Categorized","", ""))) -> 852 | BI78: 3.8207776 | BJ78: 2.34965 | BK78: 5.1547729 | BL78: 1129.2324 | BM78: 1118.9403 | BN78: 1139.0735
A79: 74 | C79: TQ76 | D79: 118675 | E79: 100 | F79: Core | G79: This work | H79: Tajogaite 2021 | I79: 44534 | J79: 44534 | K79: Basanite | L79: 46.574 | M79: 2.924 | N79: 6.362 | O79: 5.977 | P79: 0.109 | Q79: 13.128 | R79: 23.258 | S79: 0.621 | T79: 0.013 | U79: 0.11 | X79: 99.076 | Y79: 79.655087 | Z79: 0.44 | AA79: 2.96 | AB79: 1.24 | AC79: 2.31 | AD79: 35.59 | AE79: 0.61 | AF79: 0.58 | AG79: 4.14 | AH79: 88.61 | AI79: 25.06 | AJ79: 100 | AK79: 0.7252848 | AL79: 0.73802538 | AM79: 0.045399158 | AN79: 0.068862037 | AT79: 6.0024611 | AU79: 0.57276839 | AV79: 1166.7492 | AW79: 13.730892 | AX79: 25 | BD79: =IF(OR($F79="Core",$F79="Cpx Inclusion"), IF($Y79<67, IF(AO79<>"",AO79,""), IF($Y79>67, IF(AY79<>"",AY79,""), "")), IF(OR($F79="Inner Rim",$F79="Outer Rim",$F79="Microlite"), IF(AT79<>"",AT79,""), IF($F79="Not Categorized","", ""))) | BE79: =IF(OR($F79="Core",$F79="Cpx Inclusion"), IF($Y79<67, IF(AP79<>"",AP79,""), IF($Y79>67, IF(AZ79<>"",AZ79,""), "")), IF(OR($F79="Inner Rim",$F79="Outer Rim",$F79="Microlite"), IF(AU79<>"",AU79,""), IF($F79="Not Categorized","", ""))) | BF79: =IF(OR($F79="Core",$F79="Cpx Inclusion"), IF($Y79<67, IF(AQ79<>"",AQ79,""), IF($Y79>67, IF(BA79<>"",BA79,""), "")), IF(OR($F79="Inner Rim",$F79="Outer Rim",$F79="Microlite"), IF(AV79<>"",AV79,""), IF($F79="Not Categorized","", ""))) | BG79: =IF(OR($F79="Core",$F79="Cpx Inclusion"), IF($Y79<67, IF(AR79<>"",AR79,""), IF($Y79>67, IF(BB79<>"",BB79,""), "")), IF(OR($F79="Inner Rim",$F79="Outer Rim",$F79="Microlite"), IF(AW79<>"",AW79,""), IF($F79="Not Categorized","", ""))) | BH79: =IF(OR($F79="Core",$F79="Cpx Inclusion"), IF($Y79<67, IF(AS79<>"",AS79,""), IF($Y79>67, IF(BC79<>"",BC79,""), "")), IF(OR($F79="Inner Rim",$F79="Outer Rim",$F79="Microlite"), IF(AX79<>"",AX79,""), IF($F79="Not Categorized","", ""))) | BI79: 3.8907418 | BJ79: 2.9632855 | BK79: 5.1472984 | BL79: 1137.3892 | BM79: 1128.5727 | BN79: 1146.1793
A80: 75 | C80: TQ76 | D80: 118675 | E80: 101 | F80: Core | G80: This work | H80: Tajogaite 2021 | I80: 44534 | J80: 44534 | K80: Basanite | L80: 46.063 | M80: 2.919 | N80: 7.44 | O80: 8.261 | P80: 0.265 | Q80: 11.214 | R80: 23.175 | S80: 0.873 | X80: 100.21 | Y80: 70.758086 | Z80: 0.44 | AA80: 3.01 | AB80: 1.15 | AC80: 1.95 | AD80: 16.83 | AE80: 0.66 | AF80: 0.58 | AG80: 3.41 | AH80: 100 | AI80: 100 | AJ80: 293601280 | AK80: 0.70005834 | AL80: 0.63010293 | AM80: 0.063789421 | AN80: 0.12403129 | AT80: 6.8324479 | AU80: 0.64859814 | AV80: 1148.0327 | AW80: 4.3938078 | AX80: 2 | AY80: 6.9545438 | AZ80: 2.2364851 | BA80: 1096.7734 | BB80: 17.662644 | BC80: 4 | BD80: =IF(OR($F80="Core",$F80="Cpx Inclusion"), IF($Y80<67, IF(AO80<>"",AO80,""), IF($Y80>67, IF(AY80<>"",AY80,""), "")), IF(OR($F80="Inner Rim",$F80="Outer Rim",$F80="Microlite"), IF(AT80<>"",AT80,""), IF($F80="Not Categorized","", ""))) -> 6.9545438 | BE80: =IF(OR($F80="Core",$F80="Cpx Inclusion"), IF($Y80<67, IF(AP80<>"",AP80,""), IF($Y80>67, IF(AZ80<>"",AZ80,""), "")), IF(OR($F80="Inner Rim",$F80="Outer Rim",$F80="Microlite"), IF(AU80<>"",AU80,""), IF($F80="Not Categorized","", ""))) -> 2.2364851 | BF80: =IF(OR($F80="Core",$F80="Cpx Inclusion"), IF($Y80<67, IF(AQ80<>"",AQ80,""), IF($Y80>67, IF(BA80<>"",BA80,""), "")), IF(OR($F80="Inner Rim",$F80="Outer Rim",$F80="Microlite"), IF(AV80<>"",AV80,""), IF($F80="Not Categorized","", ""))) -> 1096.7734 | BG80: =IF(OR($F80="Core",$F80="Cpx Inclusion"), IF($Y80<67, IF(AR80<>"",AR80,""), IF($Y80>67, IF(BB80<>"",BB80,""), "")), IF(OR($F80="Inner Rim",$F80="Outer Rim",$F80="Microlite"), IF(AW80<>"",AW80,""), IF($F80="Not Categorized","", ""))) -> 17.662644 | BH80: =IF(OR($F80="Core",$F80="Cpx Inclusion"), IF($Y80<67, IF(AS80<>"",AS80,""), IF($Y80>67, IF(BC80<>"",BC80,""), "")), IF(OR($F80="Inner Rim",$F80="Outer Rim",$F80="Microlite"), IF(AX80<>"",AX80,""), IF($F80="Not Categorized","", ""))) -> 4 | BI80: 9.6105833 | BJ80: 8.5718629 | BK80: 10.457713 | BL80: 1084.7302 | BM80: 1060.18 | BN80: 1103.1711
A81: 76 | C81: TQ76 | D81: 118675 | E81: 102 | F81: Core | G81: This work | H81: Tajogaite 2021 | I81: 44534 | J81: 44534 | K81: Basanite | L81: 45.437 | M81: 2.963 | N81: 7.625 | O81: 8.256 | P81: 0.167 | Q81: 11.408 | R81: 23.41 | S81: 0.851 | T81: 0.008 | U81: 0.054 | X81: 100.179 | Y81: 71.124144 | Z81: 0.45 | AA81: 2.97 | AB81: 1.13 | AC81: 1.96 | AD81: 25.72 | AE81: 0.66 | AF81: 0.58 | AG81: 3.49 | AH81: 147.72 | AI81: 49.74 | AJ81: 100 | AK81: 0.70275664 | AL81: 0.64244496 | AM81: 0.062321722 | AN81: 0.084126333 | AT81: 6.8221563 | AU81: 0.64349502 | AV81: 1143.3197 | AW81: 3.1673738 | AX81: 3 | AY81: 7.4887131 | AZ81: 1.3361238 | BA81: 1109.4334 | BB81: 15.575851 | BC81: 15 | BD81: =IF(OR($F81="Core",$F81="Cpx Inclusion"), IF($Y81<67, IF(AO81<>"",AO81,""), IF($Y81>67, IF(AY81<>"",AY81,""), "")), IF(OR($F81="Inner Rim",$F81="Outer Rim",$F81="Microlite"), IF(AT81<>"",AT81,""), IF($F81="Not Categorized","", ""))) -> 7.4887131 | BE81: =IF(OR($F81="Core",$F81="Cpx Inclusion"), IF($Y81<67, IF(AP81<>"",AP81,""), IF($Y81>67, IF(AZ81<>"",AZ81,""), "")), IF(OR($F81="Inner Rim",$F81="Outer Rim",$F81="Microlite"), IF(AU81<>"",AU81,""), IF($F81="Not Categorized","", ""))) -> 1.3361238 | BF81: =IF(OR($F81="Core",$F81="Cpx Inclusion"), IF($Y81<67, IF(AQ81<>"",AQ81,""), IF($Y81>67, IF(BA81<>"",BA81,""), "")), IF(OR($F81="Inner Rim",$F81="Outer Rim",$F81="Microlite"), IF(AV81<>"",AV81,""), IF($F81="Not Categorized","", ""))) -> 1109.4334 | BG81: =IF(OR($F81="Core",$F81="Cpx Inclusion"), IF($Y81<67, IF(AR81<>"",AR81,""), IF($Y81>67, IF(BB81<>"",BB81,""), "")), IF(OR($F81="Inner Rim",$F81="Outer Rim",$F81="Microlite"), IF(AW81<>"",AW81,""), IF($F81="Not Categorized","", ""))) -> 15.575851 | BH81: =IF(OR($F81="Core",$F81="Cpx Inclusion"), IF($Y81<67, IF(AS81<>"",AS81,""), IF($Y81>67, IF(BC81<>"",BC81,""), "")), IF(OR($F81="Inner Rim",$F81="Outer Rim",$F81="Microlite"), IF(AX81<>"",AX81,""), IF($F81="Not Categorized","", ""))) -> 15 | BI81: 10.147285 | BJ81: 8.7664771 | BK81: 11.167748 | BL81: 1110.8002 | BM81: 1105.1398 | BN81: 1118.4319
A82: 77 | C82: TQ76 | D82: 118675 | E82: 103 | F82: Core | G82: This work | H82: Tajogaite 2021 | I82: 44534 | J82: 44534 | K82: Basanite | L82: 45.185 | M82: 2.969 | N82: 7.239 | O82: 9.2 | P82: 0.192 | Q82: 10.831 | R82: 22.967 | S82: 0.979 | T82: 0.008 | U82: 0.019 | X82: 99.589 | Y82: 67.727029 | Z82: 0.45 | AA82: 2.96 | AB82: 1.17 | AC82: 1.84 | AD82: 24.67 | AE82: 0.68 | AF82: 0.58 | AG82: 3.28 | AH82: 146.22 | AI82: 144.82 | AJ82: 100 | AK82: 0.68639932 | AL82: 0.61623231 | AM82: 0.072433934 | AN82: 0.1071401 | AT82: 6.5284949 | AU82: 1.2122012 | AV82: 1134.5075 | AW82: 10.442858 | AX82: 9 | AY82: 6.9710449 | AZ82: 1.123528 | BA82: 1107.6545 | BB82: 17.207212 | BC82: 31 | BD82: =IF(OR($F82="Core",$F82="Cpx Inclusion"), IF($Y82<67, IF(AO82<>"",AO82,""), IF($Y82>67, IF(AY82<>"",AY82,""), "")), IF(OR($F82="Inner Rim",$F82="Outer Rim",$F82="Microlite"), IF(AT82<>"",AT82,""), IF($F82="Not Categorized","", ""))) -> 6.9710449 | BE82: =IF(OR($F82="Core",$F82="Cpx Inclusion"), IF($Y82<67, IF(AP82<>"",AP82,""), IF($Y82>67, IF(AZ82<>"",AZ82,""), "")), IF(OR($F82="Inner Rim",$F82="Outer Rim",$F82="Microlite"), IF(AU82<>"",AU82,""), IF($F82="Not Categorized","", ""))) -> 1.123528 | BF82: =IF(OR($F82="Core",$F82="Cpx Inclusion"), IF($Y82<67, IF(AQ82<>"",AQ82,""), IF($Y82>67, IF(BA82<>"",BA82,""), "")), IF(OR($F82="Inner Rim",$F82="Outer Rim",$F82="Microlite"), IF(AV82<>"",AV82,""), IF($F82="Not Categorized","", ""))) -> 1107.6545 | BG82: =IF(OR($F82="Core",$F82="Cpx Inclusion"), IF($Y82<67, IF(AR82<>"",AR82,""), IF($Y82>67, IF(BB82<>"",BB82,""), "")), IF(OR($F82="Inner Rim",$F82="Outer Rim",$F82="Microlite"), IF(AW82<>"",AW82,""), IF($F82="Not Categorized","", ""))) -> 17.207212 | BH82: =IF(OR($F82="Core",$F82="Cpx Inclusion"), IF($Y82<67, IF(AS82<>"",AS82,""), IF($Y82>67, IF(BC82<>"",BC82,""), "")), IF(OR($F82="Inner Rim",$F82="Outer Rim",$F82="Microlite"), IF(AX82<>"",AX82,""), IF($F82="Not Categorized","", ""))) -> 31 | BI82: 9.1256943 | BJ82: 8.4060355 | BK82: 9.8474894 | BL82: 1098.6509 | BM82: 1088.1802 | BN82: 1105.3353
A83: 78 | C83: TQ76 | D83: 118675 | E83: 113 | F83: Core | G83: This work | H83: Tajogaite 2021 | I83: 44534 | J83: 44534 | K83: Basanite | L83: 46.455 | M83: 2.407 | N83: 6.951 | O83: 7.647 | P83: 0.21 | Q83: 12.421 | R83: 22.657 | S83: 0.773 | U83: 0.207 | W83: 0.038 | X83: 99.766 | Y83: 74.328663 | Z83: 0.44 | AA83: 3.33 | AB83: 1.19 | AC83: 2.04 | AD83: 20.4 | AE83: 0.63 | AF83: 0.59 | AG83: 3.64 | AH83: 100 | AI83: 16.1 | AJ83: 102.02 | AK83: 0.70138896 | AL83: 0.69800016 | AM83: 0.056488744 | AN83: 0.092292076 | AT83: 6.4227383 | AU83: 0.66424741 | AV83: 1147.6049 | AW83: 14.217892 | AX83: 162 | BD83: =IF(OR($F83="Core",$F83="Cpx Inclusion"), IF($Y83<67, IF(AO83<>"",AO83,""), IF($Y83>67, IF(AY83<>"",AY83,""), "")), IF(OR($F83="Inner Rim",$F83="Outer Rim",$F83="Microlite"), IF(AT83<>"",AT83,""), IF($F83="Not Categorized","", ""))) | BE83: =IF(OR($F83="Core",$F83="Cpx Inclusion"), IF($Y83<67, IF(AP83<>"",AP83,""), IF($Y83>67, IF(AZ83<>"",AZ83,""), "")), IF(OR($F83="Inner Rim",$F83="Outer Rim",$F83="Microlite"), IF(AU83<>"",AU83,""), IF($F83="Not Categorized","", ""))) | BF83: =IF(OR($F83="Core",$F83="Cpx Inclusion"), IF($Y83<67, IF(AQ83<>"",AQ83,""), IF($Y83>67, IF(BA83<>"",BA83,""), "")), IF(OR($F83="Inner Rim",$F83="Outer Rim",$F83="Microlite"), IF(AV83<>"",AV83,""), IF($F83="Not Categorized","", ""))) | BG83: =IF(OR($F83="Core",$F83="Cpx Inclusion"), IF($Y83<67, IF(AR83<>"",AR83,""), IF($Y83>67, IF(BB83<>"",BB83,""), "")), IF(OR($F83="Inner Rim",$F83="Outer Rim",$F83="Microlite"), IF(AW83<>"",AW83,""), IF($F83="Not Categorized","", ""))) | BH83: =IF(OR($F83="Core",$F83="Cpx Inclusion"), IF($Y83<67, IF(AS83<>"",AS83,""), IF($Y83>67, IF(BC83<>"",BC83,""), "")), IF(OR($F83="Inner Rim",$F83="Outer Rim",$F83="Microlite"), IF(AX83<>"",AX83,""), IF($F83="Not Categorized","", ""))) | BI83: 8.2409019 | BJ83: 7.2377076 | BK83: 9.222817 | BL83: 1109.4371 | BM83: 1101.3061 | BN83: 1117.0038
A84: 79 | C84: TQ76 | D84: 118675 | E84: 114 | F84: Core | G84: This work | H84: Tajogaite 2021 | I84: 44534 | J84: 44534 | K84: Basanite | L84: 47.78 | M84: 2.175 | N84: 6.245 | O84: 7.584 | P84: 0.178 | Q84: 12.536 | R84: 22.694 | S84: 0.747 | T84: 0.032 | U84: 0.048 | W84: 0.005 | X84: 100.024 | Y84: 74.660943 | Z84: 0.43 | AA84: 3.51 | AB84: 1.26 | AC84: 2.05 | AD84: 23.36 | AE84: 0.62 | AF84: 0.59 | AG84: 3.72 | AH84: 38.81 | AI84: 56.76 | AJ84: 689.2 | AK84: 0.69579423 | AL84: 0.70010416 | AM84: 0.054251 | AN84: 0.12756191 | BD84: =IF(OR($F84="Core",$F84="Cpx Inclusion"), IF($Y84<67, IF(AO84<>"",AO84,""), IF($Y84>67, IF(AY84<>"",AY84,""), "")), IF(OR($F84="Inner Rim",$F84="Outer Rim",$F84="Microlite"), IF(AT84<>"",AT84,""), IF($F84="Not Categorized","", ""))) | BE84: =IF(OR($F84="Core",$F84="Cpx Inclusion"), IF($Y84<67, IF(AP84<>"",AP84,""), IF($Y84>67, IF(AZ84<>"",AZ84,""), "")), IF(OR($F84="Inner Rim",$F84="Outer Rim",$F84="Microlite"), IF(AU84<>"",AU84,""), IF($F84="Not Categorized","", ""))) | BF84: =IF(OR($F84="Core",$F84="Cpx Inclusion"), IF($Y84<67, IF(AQ84<>"",AQ84,""), IF($Y84>67, IF(BA84<>"",BA84,""), "")), IF(OR($F84="Inner Rim",$F84="Outer Rim",$F84="Microlite"), IF(AV84<>"",AV84,""), IF($F84="Not Categorized","", ""))) | BG84: =IF(OR($F84="Core",$F84="Cpx Inclusion"), IF($Y84<67, IF(AR84<>"",AR84,""), IF($Y84>67, IF(BB84<>"",BB84,""), "")), IF(OR($F84="Inner Rim",$F84="Outer Rim",$F84="Microlite"), IF(AW84<>"",AW84,""), IF($F84="Not Categorized","", ""))) | BH84: =IF(OR($F84="Core",$F84="Cpx Inclusion"), IF($Y84<67, IF(AS84<>"",AS84,""), IF($Y84>67, IF(BC84<>"",BC84,""), "")), IF(OR($F84="Inner Rim",$F84="Outer Rim",$F84="Microlite"), IF(AX84<>"",AX84,""), IF($F84="Not Categorized","", ""))) | BI84: 6.6677979 | BJ84: 4.9963235 | BK84: 7.6382955 | BL84: 1107.3149 | BM84: 1099.4401 | BN84: 1115.8875
A85: 80 | C85: TQ76 | D85: 118675 | E85: 115 | F85: Core | G85: This work | H85: Tajogaite 2021 | I85: 44534 | J85: 44534 | K85: Basanite | L85: 46.922 | M85: 2.335 | N85: 6.142 | O85: 7.295 | P85: 0.185 | Q85: 12.88 | R85: 22.696 | S85: 0.772 | T85: 0.003 | U85: 0.029 | X85: 99.259 | Y85: 75.887707 | Z85: 0.44 | AA85: 3.42 | AB85: 1.27 | AC85: 2.08 | AD85: 22.78 | AE85: 0.62 | AF85: 0.58 | AG85: 3.62 | AH85: 359.08 | AI85: 92.96 | AJ85: 100 | AK85: 0.70265538 | AL85: 0.72563546 | AM85: 0.056559219 | AN85: 0.080686774 | AT85: 5.8293366 | AU85: 0.61309516 | AV85: 1143.5434 | AW85: 14.56653 | AX85: 62 | BD85: =IF(OR($F85="Core",$F85="Cpx Inclusion"), IF($Y85<67, IF(AO85<>"",AO85,""), IF($Y85>67, IF(AY85<>"",AY85,""), "")), IF(OR($F85="Inner Rim",$F85="Outer Rim",$F85="Microlite"), IF(AT85<>"",AT85,""), IF($F85="Not Categorized","", ""))) | BE85: =IF(OR($F85="Core",$F85="Cpx Inclusion"), IF($Y85<67, IF(AP85<>"",AP85,""), IF($Y85>67, IF(AZ85<>"",AZ85,""), "")), IF(OR($F85="Inner Rim",$F85="Outer Rim",$F85="Microlite"), IF(AU85<>"",AU85,""), IF($F85="Not Categorized","", ""))) | BF85: =IF(OR($F85="Core",$F85="Cpx Inclusion"), IF($Y85<67, IF(AQ85<>"",AQ85,""), IF($Y85>67, IF(BA85<>"",BA85,""), "")), IF(OR($F85="Inner Rim",$F85="Outer Rim",$F85="Microlite"), IF(AV85<>"",AV85,""), IF($F85="Not Categorized","", ""))) | BG85: =IF(OR($F85="Core",$F85="Cpx Inclusion"), IF($Y85<67, IF(AR85<>"",AR85,""), IF($Y85>67, IF(BB85<>"",BB85,""), "")), IF(OR($F85="Inner Rim",$F85="Outer Rim",$F85="Microlite"), IF(AW85<>"",AW85,""), IF($F85="Not Categorized","", ""))) | BH85: =IF(OR($F85="Core",$F85="Cpx Inclusion"), IF($Y85<67, IF(AS85<>"",AS85,""), IF($Y85>67, IF(BC85<>"",BC85,""), "")), IF(OR($F85="Inner Rim",$F85="Outer Rim",$F85="Microlite"), IF(AX85<>"",AX85,""), IF($F85="Not Categorized","", ""))) | BI85: 7.4570671 | BJ85: 6.1173941 | BK85: 8.5116024 | BL85: 1116.9556 | BM85: 1108.1406 | BN85: 1126.8697
A86: 81 | C86: TQ76 | D86: 118675 | E86: 116 | F86: Core | G86: This work | H86: Tajogaite 2021 | I86: 44534 | J86: 44534 | K86: Basanite | L86: 44.556 | M86: 3.586 | N86: 8.698 | O86: 7.385 | P86: 0.16 | Q86: 11.579 | R86: 22.938 | S86: 0.804 | U86: 0.119 | X86: 99.825 | Y86: 73.648694 | Z86: 0.45 | AA86: 2.67 | AB86: 1.06 | AC86: 2.08 | AD86: 26.5 | AE86: 0.65 | AF86: 0.58 | AG86: 3.58 | AH86: 100 | AI86: 23.74 | AJ86: 100 | AK86: 0.71863119 | AL86: 0.65160972 | AM86: 0.058837745 | AN86: 0.085780772 | BD86: =IF(OR($F86="Core",$F86="Cpx Inclusion"), IF($Y86<67, IF(AO86<>"",AO86,""), IF($Y86>67, IF(AY86<>"",AY86,""), "")), IF(OR($F86="Inner Rim",$F86="Outer Rim",$F86="Microlite"), IF(AT86<>"",AT86,""), IF($F86="Not Categorized","", ""))) | BE86: =IF(OR($F86="Core",$F86="Cpx Inclusion"), IF($Y86<67, IF(AP86<>"",AP86,""), IF($Y86>67, IF(AZ86<>"",AZ86,""), "")), IF(OR($F86="Inner Rim",$F86="Outer Rim",$F86="Microlite"), IF(AU86<>"",AU86,""), IF($F86="Not Categorized","", ""))) | BF86: =IF(OR($F86="Core",$F86="Cpx Inclusion"), IF($Y86<67, IF(AQ86<>"",AQ86,""), IF($Y86>67, IF(BA86<>"",BA86,""), "")), IF(OR($F86="Inner Rim",$F86="Outer Rim",$F86="Microlite"), IF(AV86<>"",AV86,""), IF($F86="Not Categorized","", ""))) | BG86: =IF(OR($F86="Core",$F86="Cpx Inclusion"), IF($Y86<67, IF(AR86<>"",AR86,""), IF($Y86>67, IF(BB86<>"",BB86,""), "")), IF(OR($F86="Inner Rim",$F86="Outer Rim",$F86="Microlite"), IF(AW86<>"",AW86,""), IF($F86="Not Categorized","", ""))) | BH86: =IF(OR($F86="Core",$F86="Cpx Inclusion"), IF($Y86<67, IF(AS86<>"",AS86,""), IF($Y86>67, IF(BC86<>"",BC86,""), "")), IF(OR($F86="Inner Rim",$F86="Outer Rim",$F86="Microlite"), IF(AX86<>"",AX86,""), IF($F86="Not Categorized","", ""))) | BI86: 10.389778 | BJ86: 8.4833748 | BK86: 12.035473 | BL86: 1142.373 | BM86: 1131.7689 | BN86: 1156.5443
A87: 82 | C87: TQ76 | D87: 118675 | E87: 117 | F87: Core | G87: This work | H87: Tajogaite 2021 | I87: 44534 | J87: 44534 | K87: Basanite | L87: 44.963 | M87: 3.301 | N87: 8.049 | O87: 7.061 | P87: 0.098 | Q87: 11.901 | R87: 22.746 | S87: 0.772 | T87: 0.003 | U87: 0.068 | W87: 0.1 | X87: 99.062 | Y87: 75.027549 | Z87: 0.45 | AA87: 2.8 | AB87: 1.1 | AC87: 2.11 | AD87: 42.07 | AE87: 0.64 | AF87: 0.58 | AG87: 3.58 | AH87: 366.59 | AI87: 38.71 | AJ87: 36.96 | AK87: 0.71878564 | AL87: 0.67354682 | AM87: 0.05681789 | AN87: 0.087634833 | AT87: 7.1249759 | AU87: 0.63845798 | AV87: 1162.4434 | AW87: 14.088578 | AX87: 240 | AY87: 8.3956347 | AZ87: 0.57188463 | BA87: 1132.9527 | BB87: 14.019131 | BC87: 275 | BD87: =IF(OR($F87="Core",$F87="Cpx Inclusion"), IF($Y87<67, IF(AO87<>"",AO87,""), IF($Y87>67, IF(AY87<>"",AY87,""), "")), IF(OR($F87="Inner Rim",$F87="Outer Rim",$F87="Microlite"), IF(AT87<>"",AT87,""), IF($F87="Not Categorized","", ""))) -> 8.3956347 | BE87: =IF(OR($F87="Core",$F87="Cpx Inclusion"), IF($Y87<67, IF(AP87<>"",AP87,""), IF($Y87>67, IF(AZ87<>"",AZ87,""), "")), IF(OR($F87="Inner Rim",$F87="Outer Rim",$F87="Microlite"), IF(AU87<>"",AU87,""), IF($F87="Not Categorized","", ""))) -> 0.57188463 | BF87: =IF(OR($F87="Core",$F87="Cpx Inclusion"), IF($Y87<67, IF(AQ87<>"",AQ87,""), IF($Y87>67, IF(BA87<>"",BA87,""), "")), IF(OR($F87="Inner Rim",$F87="Outer Rim",$F87="Microlite"), IF(AV87<>"",AV87,""), IF($F87="Not Categorized","", ""))) -> 1132.9527 | BG87: =IF(OR($F87="Core",$F87="Cpx Inclusion"), IF($Y87<67, IF(AR87<>"",AR87,""), IF($Y87>67, IF(BB87<>"",BB87,""), "")), IF(OR($F87="Inner Rim",$F87="Outer Rim",$F87="Microlite"), IF(AW87<>"",AW87,""), IF($F87="Not Categorized","", ""))) -> 14.019131 | BH87: =IF(OR($F87="Core",$F87="Cpx Inclusion"), IF($Y87<67, IF(AS87<>"",AS87,""), IF($Y87>67, IF(BC87<>"",BC87,""), "")), IF(OR($F87="Inner Rim",$F87="Outer Rim",$F87="Microlite"), IF(AX87<>"",AX87,""), IF($F87="Not Categorized","", ""))) -> 275 | BI87: 11.951753 | BJ87: 9.3331179 | BK87: 14.028869 | BL87: 1155.9851 | BM87: 1139.2365 | BN87: 1170.9619
A88: 83 | C88: TQ76 | D88: 118675 | E88: 118 | F88: Core | G88: This work | H88: Tajogaite 2021 | I88: 44534 | J88: 44534 | K88: Basanite | L88: 44.498 | M88: 3.61 | N88: 8.686 | O88: 6.917 | P88: 0.127 | Q88: 11.627 | R88: 22.838 | S88: 0.748 | T88: 0.011 | U88: 0.003 | W88: 0.035 | X88: 99.1 | Y88: 74.977154 | Z88: 0.45 | AA88: 2.69 | AB88: 1.05 | AC88: 2.15 | AD88: 33.44 | AE88: 0.65 | AF88: 0.58 | AG88: 3.8 | AH88: 113.21 | AI88: 836.66 | AJ88: 110.67 | AK88: 0.73057647 | AL88: 0.65737467 | AM88: 0.054995906 | AN88: 0.093249295 | AY88: 8.3947322 | AZ88: 0.629452 | BA88: 1137.9122 | BB88: 16.472274 | BC88: 857 | BD88: =IF(OR($F88="Core",$F88="Cpx Inclusion"), IF($Y88<67, IF(AO88<>"",AO88,""), IF($Y88>67, IF(AY88<>"",AY88,""), "")), IF(OR($F88="Inner Rim",$F88="Outer Rim",$F88="Microlite"), IF(AT88<>"",AT88,""), IF($F88="Not Categorized","", ""))) -> 8.3947322 | BE88: =IF(OR($F88="Core",$F88="Cpx Inclusion"), IF($Y88<67, IF(AP88<>"",AP88,""), IF($Y88>67, IF(AZ88<>"",AZ88,""), "")), IF(OR($F88="Inner Rim",$F88="Outer Rim",$F88="Microlite"), IF(AU88<>"",AU88,""), IF($F88="Not Categorized","", ""))) -> 0.629452 | BF88: =IF(OR($F88="Core",$F88="Cpx Inclusion"), IF($Y88<67, IF(AQ88<>"",AQ88,""), IF($Y88>67, IF(BA88<>"",BA88,""), "")), IF(OR($F88="Inner Rim",$F88="Outer Rim",$F88="Microlite"), IF(AV88<>"",AV88,""), IF($F88="Not Categorized","", ""))) -> 1137.9122 | BG88: =IF(OR($F88="Core",$F88="Cpx Inclusion"), IF($Y88<67, IF(AR88<>"",AR88,""), IF($Y88>67, IF(BB88<>"",BB88,""), "")), IF(OR($F88="Inner Rim",$F88="Outer Rim",$F88="Microlite"), IF(AW88<>"",AW88,""), IF($F88="Not Categorized","", ""))) -> 16.472274 | BH88: =IF(OR($F88="Core",$F88="Cpx Inclusion"), IF($Y88<67, IF(AS88<>"",AS88,""), IF($Y88>67, IF(BC88<>"",BC88,""), "")), IF(OR($F88="Inner Rim",$F88="Outer Rim",$F88="Microlite"), IF(AX88<>"",AX88,""), IF($F88="Not Categorized","", ""))) -> 857 | BI88: 12.423447 | BJ88: 9.6315065 | BK88: 14.518433 | BL88: 1191.5917 | BM88: 1170.8931 | BN88: 1208.2074
A89: 84 | C89: TQ76 | D89: 118675 | E89: 121 | F89: Core | G89: This work | H89: Tajogaite 2021 | I89: 44534 | J89: 44534 | K89: Basanite | L89: 47.015 | M89: 1.999 | N89: 5.661 | O89: 10.114 | P89: 0.351 | Q89: 10.417 | R89: 22.627 | S89: 1.307 | W89: 0.03 | X89: 99.521 | Y89: 64.738512 | Z89: 0.44 | AA89: 3.73 | AB89: 1.33 | AC89: 1.75 | AD89: 14.02 | AE89: 0.7 | AF89: 0.59 | AG89: 2.67 | AH89: 100 | AI89: 100 | AJ89: 130.8 | AK89: 0.67158629 | AL89: 0.59411688 | AM89: 0.096936712 | AN89: 0.13872341 | AO89: 4.3397312 | AP89: 0.11457458 | AQ89: 1013.2844 | AR89: 4.2507636 | AS89: 999 | BD89: =IF(OR($F89="Core",$F89="Cpx Inclusion"), IF($Y89<67, IF(AO89<>"",AO89,""), IF($Y89>67, IF(AY89<>"",AY89,""), "")), IF(OR($F89="Inner Rim",$F89="Outer Rim",$F89="Microlite"), IF(AT89<>"",AT89,""), IF($F89="Not Categorized","", ""))) -> 4.3397312 | BE89: =IF(OR($F89="Core",$F89="Cpx Inclusion"), IF($Y89<67, IF(AP89<>"",AP89,""), IF($Y89>67, IF(AZ89<>"",AZ89,""), "")), IF(OR($F89="Inner Rim",$F89="Outer Rim",$F89="Microlite"), IF(AU89<>"",AU89,""), IF($F89="Not Categorized","", ""))) -> 0.11457458 | BF89: =IF(OR($F89="Core",$F89="Cpx Inclusion"), IF($Y89<67, IF(AQ89<>"",AQ89,""), IF($Y89>67, IF(BA89<>"",BA89,""), "")), IF(OR($F89="Inner Rim",$F89="Outer Rim",$F89="Microlite"), IF(AV89<>"",AV89,""), IF($F89="Not Categorized","", ""))) -> 1013.2844 | BG89: =IF(OR($F89="Core",$F89="Cpx Inclusion"), IF($Y89<67, IF(AR89<>"",AR89,""), IF($Y89>67, IF(BB89<>"",BB89,""), "")), IF(OR($F89="Inner Rim",$F89="Outer Rim",$F89="Microlite"), IF(AW89<>"",AW89,""), IF($F89="Not Categorized","", ""))) -> 4.2507636 | BH89: =IF(OR($F89="Core",$F89="Cpx Inclusion"), IF($Y89<67, IF(AS89<>"",AS89,""), IF($Y89>67, IF(BC89<>"",BC89,""), "")), IF(OR($F89="Inner Rim",$F89="Outer Rim",$F89="Microlite"), IF(AX89<>"",AX89,""), IF($F89="Not Categorized","", ""))) -> 999 | BI89: 6.7382084 | BJ89: 5.8993876 | BK89: 7.4702378 | BL89: 954.87134 | BM89: 938.89658 | BN89: 972.26241
A90: 85 | C90: TQ76 | D90: 118675 | E90: 122 | F90: Core | G90: This work | H90: Tajogaite 2021 | I90: 44534 | J90: 44534 | K90: Basanite | L90: 47.246 | M90: 1.717 | N90: 5.49 | O90: 11.038 | P90: 0.437 | Q90: 9.295 | R90: 22.384 | S90: 1.525 | U90: 0.006 | W90: 0.046 | X90: 99.184 | Y90: 60.017135 | Z90: 0.44 | AA90: 4.14 | AB90: 1.35 | AC90: 1.68 | AD90: 12.12 | AE90: 0.74 | AF90: 0.59 | AG90: 2.49 | AH90: 100 | AI90: 435.89 | AJ90: 79.14 | AK90: 0.65637752 | AL90: 0.53398506 | AM90: 0.11392867 | AN90: 0.18186326 | AO90: 5.6384224 | AP90: 0.15106529 | AQ90: 997.5846 | AR90: 4.1383821 | AS90: 964 | BD90: =IF(OR($F90="Core",$F90="Cpx Inclusion"), IF($Y90<67, IF(AO90<>"",AO90,""), IF($Y90>67, IF(AY90<>"",AY90,""), "")), IF(OR($F90="Inner Rim",$F90="Outer Rim",$F90="Microlite"), IF(AT90<>"",AT90,""), IF($F90="Not Categorized","", ""))) -> 5.6384224 | BE90: =IF(OR($F90="Core",$F90="Cpx Inclusion"), IF($Y90<67, IF(AP90<>"",AP90,""), IF($Y90>67, IF(AZ90<>"",AZ90,""), "")), IF(OR($F90="Inner Rim",$F90="Outer Rim",$F90="Microlite"), IF(AU90<>"",AU90,""), IF($F90="Not Categorized","", ""))) -> 0.15106529 | BF90: =IF(OR($F90="Core",$F90="Cpx Inclusion"), IF($Y90<67, IF(AQ90<>"",AQ90,""), IF($Y90>67, IF(BA90<>"",BA90,""), "")), IF(OR($F90="Inner Rim",$F90="Outer Rim",$F90="Microlite"), IF(AV90<>"",AV90,""), IF($F90="Not Categorized","", ""))) -> 997.5846 | BG90: =IF(OR($F90="Core",$F90="Cpx Inclusion"), IF($Y90<67, IF(AR90<>"",AR90,""), IF($Y90>67, IF(BB90<>"",BB90,""), "")), IF(OR($F90="Inner Rim",$F90="Outer Rim",$F90="Microlite"), IF(AW90<>"",AW90,""), IF($F90="Not Categorized","", ""))) -> 4.1383821 | BH90: =IF(OR($F90="Core",$F90="Cpx Inclusion"), IF($Y90<67, IF(AS90<>"",AS90,""), IF($Y90>67, IF(BC90<>"",BC90,""), "")), IF(OR($F90="Inner Rim",$F90="Outer Rim",$F90="Microlite"), IF(AX90<>"",AX90,""), IF($F90="Not Categorized","", ""))) -> 964 | BI90: 5.8848945 | BJ90: 4.9429873 | BK90: 6.7524859 | BL90: 896.16397 | BM90: 887.0438 | BN90: 904.18376
A91: 86 | C91: TQ76 | D91: 118675 | E91: 123 | F91: Core | G91: This work | H91: Tajogaite 2021 | I91: 44534 | J91: 44534 | K91: Basanite | L91: 46.798 | M91: 2.013 | N91: 6.185 | O91: 10.91 | P91: 0.369 | Q91: 9.57 | R91: 22.299 | S91: 1.342 | T91: 0.028 | W91: 0.008 | X91: 99.522 | Y91: 60.992567 | Z91: 0.44 | AA91: 3.69 | AB91: 1.26 | AC91: 1.69 | AD91: 13.8 | AE91: 0.73 | AF91: 0.59 | AG91: 2.71 | AH91: 41.97 | AI91: 100 | AJ91: 465.48 | AK91: 0.65853487 | AL91: 0.54709372 | AM91: 0.09976674 | AN91: 0.18463706 | AO91: 5.8556983 | AP91: 0.157069 | AQ91: 1003.3152 | AR91: 4.1750319 | AS91: 999 | BD91: =IF(OR($F91="Core",$F91="Cpx Inclusion"), IF($Y91<67, IF(AO91<>"",AO91,""), IF($Y91>67, IF(AY91<>"",AY91,""), "")), IF(OR($F91="Inner Rim",$F91="Outer Rim",$F91="Microlite"), IF(AT91<>"",AT91,""), IF($F91="Not Categorized","", ""))) -> 5.8556983 | BE91: =IF(OR($F91="Core",$F91="Cpx Inclusion"), IF($Y91<67, IF(AP91<>"",AP91,""), IF($Y91>67, IF(AZ91<>"",AZ91,""), "")), IF(OR($F91="Inner Rim",$F91="Outer Rim",$F91="Microlite"), IF(AU91<>"",AU91,""), IF($F91="Not Categorized","", ""))) -> 0.157069 | BF91: =IF(OR($F91="Core",$F91="Cpx Inclusion"), IF($Y91<67, IF(AQ91<>"",AQ91,""), IF($Y91>67, IF(BA91<>"",BA91,""), "")), IF(OR($F91="Inner Rim",$F91="Outer Rim",$F91="Microlite"), IF(AV91<>"",AV91,""), IF($F91="Not Categorized","", ""))) -> 1003.3152 | BG91: =IF(OR($F91="Core",$F91="Cpx Inclusion"), IF($Y91<67, IF(AR91<>"",AR91,""), IF($Y91>67, IF(BB91<>"",BB91,""), "")), IF(OR($F91="Inner Rim",$F91="Outer Rim",$F91="Microlite"), IF(AW91<>"",AW91,""), IF($F91="Not Categorized","", ""))) -> 4.1750319 | BH91: =IF(OR($F91="Core",$F91="Cpx Inclusion"), IF($Y91<67, IF(AS91<>"",AS91,""), IF($Y91>67, IF(BC91<>"",BC91,""), "")), IF(OR($F91="Inner Rim",$F91="Outer Rim",$F91="Microlite"), IF(AX91<>"",AX91,""), IF($F91="Not Categorized","", ""))) -> 999 | BI91: 6.9205185 | BJ91: 6.2003108 | BK91: 7.761337 | BL91: 901.72868 | BM91: 888.4491 | BN91: 917.69987
A92: 87 | C92: TQ76 | D92: 118675 | E92: 124 | F92: Core | G92: This work | H92: Tajogaite 2021 | I92: 44534 | J92: 44534 | K92: Basanite | L92: 47.356 | M92: 1.782 | N92: 5.651 | O92: 11.754 | P92: 0.372 | Q92: 9.53 | R92: 22.24 | S92: 1.497 | T92: 0.023 | U92: 0.017 | W92: 0.022 | X92: 100.244 | Y92: 59.104753 | Z92: 0.44 | AA92: 3.92 | AB92: 1.33 | AC92: 1.62 | AD92: 14.5 | AE92: 0.74 | AF92: 0.59 | AG92: 2.5 | AH92: 51.32 | AI92: 158.24 | AJ92: 176.78 | AK92: 0.64145227 | AL92: 0.54280466 | AM92: 0.11088069 | AN92: 0.18049594 | AO92: 5.312581 | AP92: 0.14375084 | AQ92: 999.81119 | AR92: 4.1996364 | AS92: 1000 | BD92: =IF(OR($F92="Core",$F92="Cpx Inclusion"), IF($Y92<67, IF(AO92<>"",AO92,""), IF($Y92>67, IF(AY92<>"",AY92,""), "")), IF(OR($F92="Inner Rim",$F92="Outer Rim",$F92="Microlite"), IF(AT92<>"",AT92,""), IF($F92="Not Categorized","", ""))) -> 5.312581 | BE92: =IF(OR($F92="Core",$F92="Cpx Inclusion"), IF($Y92<67, IF(AP92<>"",AP92,""), IF($Y92>67, IF(AZ92<>"",AZ92,""), "")), IF(OR($F92="Inner Rim",$F92="Outer Rim",$F92="Microlite"), IF(AU92<>"",AU92,""), IF($F92="Not Categorized","", ""))) -> 0.14375084 | BF92: =IF(OR($F92="Core",$F92="Cpx Inclusion"), IF($Y92<67, IF(AQ92<>"",AQ92,""), IF($Y92>67, IF(BA92<>"",BA92,""), "")), IF(OR($F92="Inner Rim",$F92="Outer Rim",$F92="Microlite"), IF(AV92<>"",AV92,""), IF($F92="Not Categorized","", ""))) -> 999.81119 | BG92: =IF(OR($F92="Core",$F92="Cpx Inclusion"), IF($Y92<67, IF(AR92<>"",AR92,""), IF($Y92>67, IF(BB92<>"",BB92,""), "")), IF(OR($F92="Inner Rim",$F92="Outer Rim",$F92="Microlite"), IF(AW92<>"",AW92,""), IF($F92="Not Categorized","", ""))) -> 4.1996364 | BH92: =IF(OR($F92="Core",$F92="Cpx Inclusion"), IF($Y92<67, IF(AS92<>"",AS92,""), IF($Y92>67, IF(BC92<>"",BC92,""), "")), IF(OR($F92="Inner Rim",$F92="Outer Rim",$F92="Microlite"), IF(AX92<>"",AX92,""), IF($F92="Not Categorized","", ""))) -> 1000 | BI92: 7.1410121 | BJ92: 6.2210978 | BK92: 8.0222075 | BL92: 914.0645 | BM92: 902.03463 | BN92: 926.62103
A93: 88 | C93: TQ76 | D93: 118675 | E93: 133 | F93: Core | G93: This work | H93: Tajogaite 2021 | I93: 44534 | J93: 44534 | K93: Basanite | L93: 46.575 | M93: 2.64 | N93: 6.726 | O93: 8.029 | P93: 0.185 | Q93: 11.93 | R93: 22.62 | S93: 0.796 | U93: 0.035 | X93: 99.536 | Y93: 72.592455 | Z93: 0.44 | AA93: 3.17 | AB93: 1.21 | AC93: 1.98 | AD93: 23.61 | AE93: 0.64 | AF93: 0.59 | AG93: 3.6 | AH93: 100 | AI93: 82.57 | AJ93: 100 | AK93: 0.69626118 | AL93: 0.67236112 | AM93: 0.058338961 | AN93: 0.1292984 | AT93: 6.501214 | AU93: 0.80181722 | AV93: 1146.6775 | AW93: 15.806641 | AX93: 27 | BD93: =IF(OR($F93="Core",$F93="Cpx Inclusion"), IF($Y93<67, IF(AO93<>"",AO93,""), IF($Y93>67, IF(AY93<>"",AY93,""), "")), IF(OR($F93="Inner Rim",$F93="Outer Rim",$F93="Microlite"), IF(AT93<>"",AT93,""), IF($F93="Not Categorized","", ""))) | BE93: =IF(OR($F93="Core",$F93="Cpx Inclusion"), IF($Y93<67, IF(AP93<>"",AP93,""), IF($Y93>67, IF(AZ93<>"",AZ93,""), "")), IF(OR($F93="Inner Rim",$F93="Outer Rim",$F93="Microlite"), IF(AU93<>"",AU93,""), IF($F93="Not Categorized","", ""))) | BF93: =IF(OR($F93="Core",$F93="Cpx Inclusion"), IF($Y93<67, IF(AQ93<>"",AQ93,""), IF($Y93>67, IF(BA93<>"",BA93,""), "")), IF(OR($F93="Inner Rim",$F93="Outer Rim",$F93="Microlite"), IF(AV93<>"",AV93,""), IF($F93="Not Categorized","", ""))) | BG93: =IF(OR($F93="Core",$F93="Cpx Inclusion"), IF($Y93<67, IF(AR93<>"",AR93,""), IF($Y93>67, IF(BB93<>"",BB93,""), "")), IF(OR($F93="Inner Rim",$F93="Outer Rim",$F93="Microlite"), IF(AW93<>"",AW93,""), IF($F93="Not Categorized","", ""))) | BH93: =IF(OR($F93="Core",$F93="Cpx Inclusion"), IF($Y93<67, IF(AS93<>"",AS93,""), IF($Y93>67, IF(BC93<>"",BC93,""), "")), IF(OR($F93="Inner Rim",$F93="Outer Rim",$F93="Microlite"), IF(AX93<>"",AX93,""), IF($F93="Not Categorized","", ""))) | BI93: 8.4448977 | BJ93: 7.2558649 | BK93: 9.4632169 | BL93: 1109.6191 | BM93: 1102.096 | BN93: 1117.6075
A94: 89 | C94: TQ76 | D94: 118675 | E94: 134 | F94: Core | G94: This work | H94: Tajogaite 2021 | I94: 44534 | J94: 44534 | K94: Basanite | L94: 47.584 | M94: 2.675 | N94: 5.904 | O94: 7.051 | P94: 0.203 | Q94: 12.683 | R94: 23.487 | S94: 0.767 | T94: 0.02 | U94: 0.097 | W94: 0.019 | X94: 100.49 | Y94: 76.226532 | Z94: 0.43 | AA94: 3.13 | AB94: 1.29 | AC94: 2.12 | AD94: 20.36 | AE94: 0.62 | AF94: 0.57 | AG94: 3.65 | AH94: 60.19 | AI94: 30.54 | AJ94: 209.47 | AK94: 0.70762454 | AL94: 0.70623533 | AM94: 0.055540052 | AN94: 0.092447209 | BD94: =IF(OR($F94="Core",$F94="Cpx Inclusion"), IF($Y94<67, IF(AO94<>"",AO94,""), IF($Y94>67, IF(AY94<>"",AY94,""), "")), IF(OR($F94="Inner Rim",$F94="Outer Rim",$F94="Microlite"), IF(AT94<>"",AT94,""), IF($F94="Not Categorized","", ""))) | BE94: =IF(OR($F94="Core",$F94="Cpx Inclusion"), IF($Y94<67, IF(AP94<>"",AP94,""), IF($Y94>67, IF(AZ94<>"",AZ94,""), "")), IF(OR($F94="Inner Rim",$F94="Outer Rim",$F94="Microlite"), IF(AU94<>"",AU94,""), IF($F94="Not Categorized","", ""))) | BF94: =IF(OR($F94="Core",$F94="Cpx Inclusion"), IF($Y94<67, IF(AQ94<>"",AQ94,""), IF($Y94>67, IF(BA94<>"",BA94,""), "")), IF(OR($F94="Inner Rim",$F94="Outer Rim",$F94="Microlite"), IF(AV94<>"",AV94,""), IF($F94="Not Categorized","", ""))) | BG94: =IF(OR($F94="Core",$F94="Cpx Inclusion"), IF($Y94<67, IF(AR94<>"",AR94,""), IF($Y94>67, IF(BB94<>"",BB94,""), "")), IF(OR($F94="Inner Rim",$F94="Outer Rim",$F94="Microlite"), IF(AW94<>"",AW94,""), IF($F94="Not Categorized","", ""))) | BH94: =IF(OR($F94="Core",$F94="Cpx Inclusion"), IF($Y94<67, IF(AS94<>"",AS94,""), IF($Y94>67, IF(BC94<>"",BC94,""), "")), IF(OR($F94="Inner Rim",$F94="Outer Rim",$F94="Microlite"), IF(AX94<>"",AX94,""), IF($F94="Not Categorized","", ""))) | BI94: 6.9137018 | BJ94: 5.7140489 | BK94: 7.8698264 | BL94: 1112.2552 | BM94: 1103.4086 | BN94: 1121.2192
A95: 90 | C95: TQ76 | D95: 118675 | E95: 135 | F95: Core | G95: This work | H95: Tajogaite 2021 | I95: 44534 | J95: 44534 | K95: Basanite | L95: 46.209 | M95: 2.741 | N95: 6.179 | O95: 7.068 | P95: 0.203 | Q95: 12.326 | R95: 23.338 | S95: 0.712 | T95: 0.01 | U95: 0.131 | X95: 98.917 | Y95: 75.660942 | Z95: 0.44 | AA95: 3.1 | AB95: 1.26 | AC95: 2.11 | AD95: 21.13 | AE95: 0.63 | AF95: 0.58 | AG95: 3.83 | AH95: 121.8 | AI95: 21.82 | AJ95: 100 | AK95: 0.71292227 | AL95: 0.69880472 | AM95: 0.052492485 | AN95: 0.079169776 | BD95: =IF(OR($F95="Core",$F95="Cpx Inclusion"), IF($Y95<67, IF(AO95<>"",AO95,""), IF($Y95>67, IF(AY95<>"",AY95,""), "")), IF(OR($F95="Inner Rim",$F95="Outer Rim",$F95="Microlite"), IF(AT95<>"",AT95,""), IF($F95="Not Categorized","", ""))) | BE95: =IF(OR($F95="Core",$F95="Cpx Inclusion"), IF($Y95<67, IF(AP95<>"",AP95,""), IF($Y95>67, IF(AZ95<>"",AZ95,""), "")), IF(OR($F95="Inner Rim",$F95="Outer Rim",$F95="Microlite"), IF(AU95<>"",AU95,""), IF($F95="Not Categorized","", ""))) | BF95: =IF(OR($F95="Core",$F95="Cpx Inclusion"), IF($Y95<67, IF(AQ95<>"",AQ95,""), IF($Y95>67, IF(BA95<>"",BA95,""), "")), IF(OR($F95="Inner Rim",$F95="Outer Rim",$F95="Microlite"), IF(AV95<>"",AV95,""), IF($F95="Not Categorized","", ""))) | BG95: =IF(OR($F95="Core",$F95="Cpx Inclusion"), IF($Y95<67, IF(AR95<>"",AR95,""), IF($Y95>67, IF(BB95<>"",BB95,""), "")), IF(OR($F95="Inner Rim",$F95="Outer Rim",$F95="Microlite"), IF(AW95<>"",AW95,""), IF($F95="Not Categorized","", ""))) | BH95: =IF(OR($F95="Core",$F95="Cpx Inclusion"), IF($Y95<67, IF(AS95<>"",AS95,""), IF($Y95>67, IF(BC95<>"",BC95,""), "")), IF(OR($F95="Inner Rim",$F95="Outer Rim",$F95="Microlite"), IF(AX95<>"",AX95,""), IF($F95="Not Categorized","", ""))) | BI95: 6.598956 | BJ95: 4.6095743 | BK95: 7.9382685 | BL95: 1120.0343 | BM95: 1111.4107 | BN95: 1128.3258
A96: 91 | C96: TQ76 | D96: 118675 | E96: 136 | F96: Core | G96: This work | H96: Tajogaite 2021 | I96: 44534 | J96: 44534 | K96: Basanite | L96: 45.751 | M96: 2.828 | N96: 7.498 | O96: 8.251 | P96: 0.236 | Q96: 11.564 | R96: 23.038 | S96: 0.815 | U96: 0.051 | W96: 0.057 | X96: 100.089 | Y96: 71.414652 | Z96: 0.44 | AA96: 3.05 | AB96: 1.14 | AC96: 1.94 | AD96: 18.14 | AE96: 0.65 | AF96: 0.58 | AG96: 3.51 | AH96: 100 | AI96: 54.31 | AJ96: 66.15 | AK96: 0.69442041 | AL96: 0.65104507 | AM96: 0.059668353 | AN96: 0.10431205 | AT96: 6.7357253 | AU96: 1.0231591 | AV96: 1140.9224 | AW96: 13.771936 | AX96: 14 | AY96: 6.6272583 | AZ96: 2.6303299 | BA96: 1098.8403 | BB96: 15.96673 | BC96: 3 | BD96: =IF(OR($F96="Core",$F96="Cpx Inclusion"), IF($Y96<67, IF(AO96<>"",AO96,""), IF($Y96>67, IF(AY96<>"",AY96,""), "")), IF(OR($F96="Inner Rim",$F96="Outer Rim",$F96="Microlite"), IF(AT96<>"",AT96,""), IF($F96="Not Categorized","", ""))) -> 6.6272583 | BE96: =IF(OR($F96="Core",$F96="Cpx Inclusion"), IF($Y96<67, IF(AP96<>"",AP96,""), IF($Y96>67, IF(AZ96<>"",AZ96,""), "")), IF(OR($F96="Inner Rim",$F96="Outer Rim",$F96="Microlite"), IF(AU96<>"",AU96,""), IF($F96="Not Categorized","", ""))) -> 2.6303299 | BF96: =IF(OR($F96="Core",$F96="Cpx Inclusion"), IF($Y96<67, IF(AQ96<>"",AQ96,""), IF($Y96>67, IF(BA96<>"",BA96,""), "")), IF(OR($F96="Inner Rim",$F96="Outer Rim",$F96="Microlite"), IF(AV96<>"",AV96,""), IF($F96="Not Categorized","", ""))) -> 1098.8403 | BG96: =IF(OR($F96="Core",$F96="Cpx Inclusion"), IF($Y96<67, IF(AR96<>"",AR96,""), IF($Y96>67, IF(BB96<>"",BB96,""), "")), IF(OR($F96="Inner Rim",$F96="Outer Rim",$F96="Microlite"), IF(AW96<>"",AW96,""), IF($F96="Not Categorized","", ""))) -> 15.96673 | BH96: =IF(OR($F96="Core",$F96="Cpx Inclusion"), IF($Y96<67, IF(AS96<>"",AS96,""), IF($Y96>67, IF(BC96<>"",BC96,""), "")), IF(OR($F96="Inner Rim",$F96="Outer Rim",$F96="Microlite"), IF(AX96<>"",AX96,""), IF($F96="Not Categorized","", ""))) -> 3 | BI96: 8.9513273 | BJ96: 7.6878976 | BK96: 10.077313 | BL96: 1105.998 | BM96: 1096.3515 | BN96: 1112.9837
A97: 92 | C97: TQ76 | D97: 118675 | E97: 143 | F97: Core | G97: This work | H97: Tajogaite 2021 | I97: 44534 | J97: 44534 | K97: Basanite | L97: 48.883 | M97: 1.788 | N97: 4.631 | O97: 7.164 | P97: 0.196 | Q97: 13.555 | R97: 22.795 | S97: 0.743 | U97: 0.045 | X97: 99.8 | Y97: 77.131183 | Z97: 0.43 | AA97: 3.99 | AB97: 1.47 | AC97: 2.1 | AD97: 20.95 | AE97: 0.6 | AF97: 0.58 | AG97: 3.7 | AH97: 100 | AI97: 59.12 | AJ97: 100 | AK97: 0.69195403 | AL97: 0.75685091 | AM97: 0.053948963 | AN97: 0.10078117 | BD97: =IF(OR($F97="Core",$F97="Cpx Inclusion"), IF($Y97<67, IF(AO97<>"",AO97,""), IF($Y97>67, IF(AY97<>"",AY97,""), "")), IF(OR($F97="Inner Rim",$F97="Outer Rim",$F97="Microlite"), IF(AT97<>"",AT97,""), IF($F97="Not Categorized","", ""))) | BE97: =IF(OR($F97="Core",$F97="Cpx Inclusion"), IF($Y97<67, IF(AP97<>"",AP97,""), IF($Y97>67, IF(AZ97<>"",AZ97,""), "")), IF(OR($F97="Inner Rim",$F97="Outer Rim",$F97="Microlite"), IF(AU97<>"",AU97,""), IF($F97="Not Categorized","", ""))) | BF97: =IF(OR($F97="Core",$F97="Cpx Inclusion"), IF($Y97<67, IF(AQ97<>"",AQ97,""), IF($Y97>67, IF(BA97<>"",BA97,""), "")), IF(OR($F97="Inner Rim",$F97="Outer Rim",$F97="Microlite"), IF(AV97<>"",AV97,""), IF($F97="Not Categorized","", ""))) | BG97: =IF(OR($F97="Core",$F97="Cpx Inclusion"), IF($Y97<67, IF(AR97<>"",AR97,""), IF($Y97>67, IF(BB97<>"",BB97,""), "")), IF(OR($F97="Inner Rim",$F97="Outer Rim",$F97="Microlite"), IF(AW97<>"",AW97,""), IF($F97="Not Categorized","", ""))) | BH97: =IF(OR($F97="Core",$F97="Cpx Inclusion"), IF($Y97<67, IF(AS97<>"",AS97,""), IF($Y97>67, IF(BC97<>"",BC97,""), "")), IF(OR($F97="Inner Rim",$F97="Outer Rim",$F97="Microlite"), IF(AX97<>"",AX97,""), IF($F97="Not Categorized","", ""))) | BI97: 4.8944578 | BJ97: 4.1355211 | BK97: 5.4236371 | BL97: 1080.526 | BM97: 1073.3052 | BN97: 1088.6571
A98: 93 | C98: TQ75 | D98: 118674 | E98: 104 | F98: Core | G98: This work | H98: Tajogaite 2021 | I98: 44534 | J98: 44534 | K98: Basanite | L98: 45.525 | M98: 3.24 | N98: 7.154 | O98: 7.23 | P98: 0.135 | Q98: 12.922 | R98: 23.479 | S98: 0.504 | T98: 0.008 | U98: 0.064 | W98: 0.008 | X98: 100.269 | Y98: 76.110344 | Z98: 0.44 | AA98: 3.18 | AB98: 1.21 | AC98: 2.04 | AD98: 16.38 | AE98: 0.66 | AF98: 0.58 | AG98: 3.38 | AH98: 103.23 | AI98: 100 | AJ98: 146.29 | AK98: 0.73218447 | AL98: 0.72368978 | AM98: 0.03670597 | AN98: 0.058176349 | AT98: 5.6866647 | AU98: 0.63288997 | AV98: 1135.8723 | AW98: 13.493865 | AX98: 265 | AY98: 4.7524842 | AZ98: 0.67126481 | BA98: 1108.8878 | BB98: 17.31256 | BC98: 900 | BD98: =IF(OR($F98="Core",$F98="Cpx Inclusion"), IF($Y98<67, IF(AO98<>"",AO98,""), IF($Y98>67, IF(AY98<>"",AY98,""), "")), IF(OR($F98="Inner Rim",$F98="Outer Rim",$F98="Microlite"), IF(AT98<>"",AT98,""), IF($F98="Not Categorized","", ""))) -> 4.7524842 | BE98: =IF(OR($F98="Core",$F98="Cpx Inclusion"), IF($Y98<67, IF(AP98<>"",AP98,""), IF($Y98>67, IF(AZ98<>"",AZ98,""), "")), IF(OR($F98="Inner Rim",$F98="Outer Rim",$F98="Microlite"), IF(AU98<>"",AU98,""), IF($F98="Not Categorized","", ""))) -> 0.67126481 | BF98: =IF(OR($F98="Core",$F98="Cpx Inclusion"), IF($Y98<67, IF(AQ98<>"",AQ98,""), IF($Y98>67, IF(BA98<>"",BA98,""), "")), IF(OR($F98="Inner Rim",$F98="Outer Rim",$F98="Microlite"), IF(AV98<>"",AV98,""), IF($F98="Not Categorized","", ""))) -> 1108.8878 | BG98: =IF(OR($F98="Core",$F98="Cpx Inclusion"), IF($Y98<67, IF(AR98<>"",AR98,""), IF($Y98>67, IF(BB98<>"",BB98,""), "")), IF(OR($F98="Inner Rim",$F98="Outer Rim",$F98="Microlite"), IF(AW98<>"",AW98,""), IF($F98="Not Categorized","", ""))) -> 17.31256 | BH98: =IF(OR($F98="Core",$F98="Cpx Inclusion"), IF($Y98<67, IF(AS98<>"",AS98,""), IF($Y98>67, IF(BC98<>"",BC98,""), "")), IF(OR($F98="Inner Rim",$F98="Outer Rim",$F98="Microlite"), IF(AX98<>"",AX98,""), IF($F98="Not Categorized","", ""))) -> 900 | BI98: 0.25786535 | BJ98: 0 | BK98: 1.0559659 | BL98: 1104.9309 | BM98: 1097.4871 | BN98: 1112.6642
A99: 94 | C99: TQ75 | D99: 118674 | E99: 105 | F99: Core | G99: This work | H99: Tajogaite 2021 | I99: 44534 | J99: 44534 | K99: Basanite | L99: 46.572 | M99: 2.609 | N99: 6.76 | O99: 7.714 | P99: 0.282 | Q99: 11.472 | R99: 23.503 | S99: 0.899 | T99: 0.011 | W99: 0.027 | X99: 99.849 | Y99: 72.609883 | Z99: 0.44 | AA99: 3.35 | AB99: 1.25 | AC99: 2.19 | AD99: 45.78 | AE99: 0.61 | AF99: 0.58 | AG99: 5.05 | AH99: 511.86 | AI99: 11.04 | AJ99: 100.51 | AK99: 0.69950673 | AL99: 0.64591893 | AM99: 0.065823661 | AN99: 0.10226252 | BD99: =IF(OR($F99="Core",$F99="Cpx Inclusion"), IF($Y99<67, IF(AO99<>"",AO99,""), IF($Y99>67, IF(AY99<>"",AY99,""), "")), IF(OR($F99="Inner Rim",$F99="Outer Rim",$F99="Microlite"), IF(AT99<>"",AT99,""), IF($F99="Not Categorized","", ""))) | BE99: =IF(OR($F99="Core",$F99="Cpx Inclusion"), IF($Y99<67, IF(AP99<>"",AP99,""), IF($Y99>67, IF(AZ99<>"",AZ99,""), "")), IF(OR($F99="Inner Rim",$F99="Outer Rim",$F99="Microlite"), IF(AU99<>"",AU99,""), IF($F99="Not Categorized","", ""))) | BF99: =IF(OR($F99="Core",$F99="Cpx Inclusion"), IF($Y99<67, IF(AQ99<>"",AQ99,""), IF($Y99>67, IF(BA99<>"",BA99,""), "")), IF(OR($F99="Inner Rim",$F99="Outer Rim",$F99="Microlite"), IF(AV99<>"",AV99,""), IF($F99="Not Categorized","", ""))) | BG99: =IF(OR($F99="Core",$F99="Cpx Inclusion"), IF($Y99<67, IF(AR99<>"",AR99,""), IF($Y99>67, IF(BB99<>"",BB99,""), "")), IF(OR($F99="Inner Rim",$F99="Outer Rim",$F99="Microlite"), IF(AW99<>"",AW99,""), IF($F99="Not Categorized","", ""))) | BH99: =IF(OR($F99="Core",$F99="Cpx Inclusion"), IF($Y99<67, IF(AS99<>"",AS99,""), IF($Y99>67, IF(BC99<>"",BC99,""), "")), IF(OR($F99="Inner Rim",$F99="Outer Rim",$F99="Microlite"), IF(AX99<>"",AX99,""), IF($F99="Not Categorized","", ""))) | BI99: 9.2899742 | BJ99: 8.5228598 | BK99: 10.0229 | BL99: 1064.5326 | BM99: 1041.0517 | BN99: 1090.6067
A100: 95 | C100: TQ75 | D100: 118674 | E100: 106 | F100: Core | G100: This work | H100: Tajogaite 2021 | I100: 44534 | J100: 44534 | K100: Basanite | L100: 46.927 | M100: 2.444 | N100: 6.337 | O100: 6.831 | P100: 0.097 | Q100: 13.269 | R100: 23.709 | S100: 0.481 | T100: 0.002 | U100: 0.276 | W100: 0.038 | X100: 100.411 | Y100: 77.591296 | Z100: 0.44 | AA100: 3.3 | AB100: 1.19 | AC100: 2.2 | AD100: 30.3 | AE100: 0.61 | AF100: 0.58 | AG100: 5.01 | AH100: 100 | AI100: 16.38 | AJ100: 100 | AK100: 0.71078216 | AL100: 0.73948632 | AM100: 0.034859447 | AN100: 0.063282543 | AT100: 5.3160157 | AU100: 0.56943754 | AV100: 1140.0236 | AW100: 16.952343 | AX100: 44 | BD100: =IF(OR($F100="Core",$F100="Cpx Inclusion"), IF($Y100<67, IF(AO100<>"",AO100,""), IF($Y100>67, IF(AY100<>"",AY100,""), "")), IF(OR($F100="Inner Rim",$F100="Outer Rim",$F100="Microlite"), IF(AT100<>"",AT100,""), IF($F100="Not Categorized","", ""))) | BE100: =IF(OR($F100="Core",$F100="Cpx Inclusion"), IF($Y100<67, IF(AP100<>"",AP100,""), IF($Y100>67, IF(AZ100<>"",AZ100,""), "")), IF(OR($F100="Inner Rim",$F100="Outer Rim",$F100="Microlite"), IF(AU100<>"",AU100,""), IF($F100="Not Categorized","", ""))) | BF100: =IF(OR($F100="Core",$F100="Cpx Inclusion"), IF($Y100<67, IF(AQ100<>"",AQ100,""), IF($Y100>67, IF(BA100<>"",BA100,""), "")), IF(OR($F100="Inner Rim",$F100="Outer Rim",$F100="Microlite"), IF(AV100<>"",AV100,""), IF($F100="Not Categorized","", ""))) | BG100: =IF(OR($F100="Core",$F100="Cpx Inclusion"), IF($Y100<67, IF(AR100<>"",AR100,""), IF($Y100>67, IF(BB100<>"",BB100,""), "")), IF(OR($F100="Inner Rim",$F100="Outer Rim",$F100="Microlite"), IF(AW100<>"",AW100,""), IF($F100="Not Categorized","", ""))) | BH100: =IF(OR($F100="Core",$F100="Cpx Inclusion"), IF($Y100<67, IF(AS100<>"",AS100,""), IF($Y100>67, IF(BC100<>"",BC100,""), "")), IF(OR($F100="Inner Rim",$F100="Outer Rim",$F100="Microlite"), IF(AX100<>"",AX100,""), IF($F100="Not Categorized","", ""))) | BI100: 1.052965 | BJ100: 0.57929452 | BK100: 1.6788594 | BL100: 1137.4001 | BM100: 1130.1618 | BN100: 1145.2137
...

Sheet Supplementary Data 3_EMPA_Std
A1: Supplementary Data 3. EMPA secondary standards, along with Accuracy and Precision.
A3: Comment | B3: SiO2 | C3: TiO2 | D3: Al2O3 | E3: FeO | F3: MnO | G3: MgO | H3: CaO | I3: Na2O | J3: Cr2O3 | K3: NiO | L3: Total
A4: Kakanui augite NMNH 122142
A5: Std_Kakanui-Augite_pt1 | B5: 50.001 | C5: 0.85 | D5: 8.257 | E5: 6.067 | F5: 0.17 | G5: 16.653 | H5: 16.569 | I5: 1.272 | J5: 0.111 | K5: 0 | L5: =SUM(B5:K5) -> 99.95
A6: Std_Kakanui-Augite_pt2 | B6: 50.027 | C6: 0.852 | D6: 8.291 | E6: 5.996 | F6: 0.128 | G6: 16.717 | H6: 16.58 | I6: 1.284 | J6: 0.158 | K6: 0.04 | L6: =SUM(B6:K6) -> 100.073
A7: Std_Kakanui-Augite_pt3 | B7: 50.031 | C7: 0.855 | D7: 8.325 | E7: 5.748 | F7: 0.061 | G7: 16.61 | H7: 16.563 | I7: 1.311 | J7: 0.07 | K7: 0.016 | L7: =SUM(B7:K7) -> 99.59
A8: Std_Kakanui-Augite_pt4 | B8: 49.975 | C8: 0.901 | D8: 8.238 | E8: 5.956 | F8: 0.119 | G8: 16.703 | H8: 16.555 | I8: 1.302 | J8: 0.143 | K8: 0.08 | L8: =SUM(B8:K8) -> 99.972
A10: Average | B10: =AVERAGE(B5:B8) -> 50.0085 | C10: =AVERAGE(C5:C8) -> 0.8645 | D10: =AVERAGE(D5:D8) -> 8.27775 | E10: =AVERAGE(E5:E8) -> 5.94175 | F10: =AVERAGE(F5:F8) -> 0.1195 | G10: =AVERAGE(G5:G8) -> 16.67075 | H10: =AVERAGE(H5:H8) -> 16.56675 | I10: =AVERAGE(I5:I8) -> 1.29225 | J10: =AVERAGE(J5:J8) -> 0.1205 | L10: =AVERAGE(L5:L8) -> 99.89625
A11: Reference value | B11: 50.73 | C11: 0.74 | D11: 8.73 | E11: =5.37+0.899*1.08 -> 6.34092 | F11: 0.13 | G11: 16.65 | H11: 15.82 | I11: 1.27
A12: Accuracy (%) | B12: =-100*(B11-B10)/B11 -> -1.4222354 | C12: =-100*(C11-C10)/C11 -> 16.824324 | D12: =-100*(D11-D10)/D11 -> -5.1804124 | E12: =-100*(E11-E10)/E11 -> -6.2951433 | F12: =-100*(F11-F10)/F11 -> -8.0769231 | G12: =-100*(G11-G10)/G11 -> 0.12462462 | H12: =-100*(H11-H10)/H11 -> 4.7202908 | I12: =-100*(I11-I10)/I11 -> 1.7519685
A13: Precision (%) | B13: {=_xlfn.STDEV.P((B5:B8)/B11)*100} -> 0.044374351 | C13: {=_xlfn.STDEV.P((C5:C8)/C11)*100} -> 2.8578765 | D13: {=_xlfn.STDEV.P((D5:D8)/D11)*100} -> 0.38071981 | E13: {=_xlfn.STDEV.P((E5:E8)/E11)*100} -> 1.8722004 | F13: {=_xlfn.STDEV.P((F5:F8)/F11)*100} -> 29.903692 | G13: {=_xlfn.STDEV.P((G5:G8)/G11)*100} -> 0.25454326 | H13: {=_xlfn.STDEV.P((H5:H8)/H11)*100} -> 0.057653086 | I13: {=_xlfn.STDEV.P((I5:I8)/I11)*100} -> 1.1972324
A15: Comment | B15: SiO2 | C15: TiO2 | D15: Al2O3 | E15: FeO | F15: MnO | G15: MgO | H15: CaO | I15: Na2O | J15: Cr2O3 | K15: NiO | L15: Total
A16: Cr-augite NMNH 164905
A17: Std_Cr-Augite_pt1 | B17: 50.36 | C17: 0.511 | D17: 7.486 | E17: 4.253 | F17: 0.061 | G17: 17.871 | H17: 17.77 | I17: 0.825 | J17: 0.825 | K17: 0.108 | L17: =SUM(B17:K17) -> 100.07
A18: Std_Cr-Augite_pt2 | B18: 50.412 | C18: 0.519 | D18: 7.617 | E18: 4.407 | F18: 0.071 | G18: 17.847 | H18: 17.781 | I18: 0.864 | J18: 0.878 | K18: 0.003 | L18: =SUM(B18:K18) -> 100.399
A19: Std_Cr-Augite_pt3 | B19: 50.405 | C19: 0.497 | D19: 7.629 | E19: 4.541 | F19: 0.051 | G19: 17.864 | H19: 17.929 | I19: 0.787 | J19: 0.719 | K19: 0.091 | L19: =SUM(B19:K19) -> 100.513
A20: Std_Cr-Augite_pt4 | B20: 50.293 | C20: 0.53 | D20: 7.729 | E20: 4.422 | F20: 0.037 | G20: 17.78 | H20: 17.92 | I20: 0.816 | J20: 0.737 | K20: 0.04 | L20: =SUM(B20:K20) -> 100.304
A22: Average | B22: =AVERAGE(B17:B20) -> 50.3675 | C22: =AVERAGE(C17:C20) -> 0.51425 | D22: =AVERAGE(D17:D20) -> 7.61525 | E22: =AVERAGE(E17:E20) -> 4.40575 | F22: =AVERAGE(F17:F20) -> 0.055 | G22: =AVERAGE(G17:G20) -> 17.8405 | H22: =AVERAGE(H17:H20) -> 17.85 | I22: =AVERAGE(I17:I20) -> 0.823 | J22: =AVERAGE(J17:J20) -> 0.78975 | L22: =AVERAGE(L17:L20) -> 100.3215
A23: Reference value | B23: 50.48 | C23: 0.51 | D23: 8.03 | E23: =3.77+0.899*1.04 -> 4.70496 | F23: 0.12 | G23: 17.32 | H23: 17.3 | I23: 0.84 | J23: 0.85 | L23: 100.26
A24: Accuracy (%) | B24: =-100*(B23-B22)/B23 -> -0.22286054 | C24: =-100*(C23-C22)/C23 -> 0.83333333 | D24: =-100*(D23-D22)/D23 -> -5.1650062 | E24: =-100*(E23-E22)/E23 -> -6.359459 | F24: =-100*(F23-F22)/F23 -> -54.166667 | G24: =-100*(G23-G22)/G23 -> 3.0051963 | H24: =-100*(H23-H22)/H23 -> 3.1791908 | I24: =-100*(I23-I22)/I23 -> -2.0238095 | J24: =-100*(J23-J22)/J23 -> -7.0882353 | L24: 100.26
A25: Precision (%) | B25: {=_xlfn.STDEV.P((B17:B20)/B23)*100} -> 0.093929704 | C25: {=_xlfn.STDEV.P((C17:C20)/C23)*100} -> 2.3585513 | D25: {=_xlfn.STDEV.P((D17:D20)/D23)*100} -> 1.075549 | E25: {=_xlfn.STDEV.P((E17:E20)/E23)*100} -> 2.1750695 | F25: {=_xlfn.STDEV.P((F17:F20)/F23)*100} -> 10.474838 | G25: {=_xlfn.STDEV.P((G17:G20)/G23)*100} -> 0.20787224 | H25: {=_xlfn.STDEV.P((H17:H20)/H23)*100} -> 0.43161428 | I25: {=_xlfn.STDEV.P((I17:I20)/I23)*100} -> 3.276514 | J25: {=_xlfn.STDEV.P((J17:J20)/J23)*100} -> 7.6286543
A27: Comment | B27: SiO2 | C27: TiO2 | D27: Al2O3 | E27: FeO | F27: MnO | G27: MgO | H27: CaO | I27: Na2O | J27: Cr2O3 | K27: NiO | L27: Total
A28: Diopside NMNH 117733
A29: Std_Diopside_pt1 | B29: 55.504 | C29: 0.024 | D29: 0.114 | E29: 0.18 | F29: 0 | G29: 18.785 | H29: 26.508 | I29: 0.114 | J29: 0 | K29: 0 | L29: =SUM(B29:K29) -> 101.229
A30: Std_Diopside_pt2 | B30: 55.419 | C30: 0.006 | D30: 0.105 | E30: 0.148 | F30: 0 | G30: 19.037 | H30: 26.526 | I30: 0.086 | J30: 0.012 | K30: 0 | L30: =SUM(B30:K30) -> 101.339
A31: Std_Diopside_pt3 | B31: 55.591 | C31: 0 | D31: 0.165 | E31: 0.122 | F31: 0.051 | G31: 18.962 | H31: 26.276 | I31: 0.12 | J31: 0 | K31: 0 | L31: =SUM(B31:K31) -> 101.287
A32: Std_Diopside_pt4 | B32: 55.225 | C32: 0 | D32: 0.172 | E32: 0.058 | F32: 0.05 | G32: 19.026 | H32: 26.529 | I32: 0.117 | J32: 0.051 | K32: 0.025 | L32: =SUM(B32:K32) -> 101.253
A34: Average | B34: =AVERAGE(B29:B32) -> 55.43475 | C34: =AVERAGE(C29:C32) -> 0.0075 | D34: =AVERAGE(D29:D32) -> 0.139 | E34: =AVERAGE(E29:E32) -> 0.127 | F34: =AVERAGE(F29:F32) -> 0.02525 | G34: =AVERAGE(G29:G32) -> 18.9525 | H34: =AVERAGE(H29:H32) -> 26.45975 | I34: =AVERAGE(I29:I32) -> 0.10925 | J34: =AVERAGE(J29:J32) -> 0.01575 | L34: =AVERAGE(L29:L32) -> 101.277
A35: Reference value | B35: 55.81 | D35: 0.11 | E35: 0.25 | F35: 0.04 | G35: 17.79 | H35: 25.28 | I35: 0.25 | L35: 99.53
A36: Accuracy (%) | B36: =-100*(B35-B34)/B35 -> -0.67237054 | D36: =-100*(D35-D34)/D35 -> 26.363636 | E36: =-100*(E35-E34)/E35 -> -49.2 | F36: =-100*(F35-F34)/F35 -> -36.875 | G36: =-100*(G35-G34)/G35 -> 6.53457 | H36: =-100*(H35-H34)/H35 -> 4.6667326 | I36: =-100*(I35-I34)/I35 -> -56.3 | L36: 99.53
A37: Precision (%) | B37: {=_xlfn.STDEV.P((B29:B32)/B35)*100} -> 0.24280745 | D37: {=_xlfn.STDEV.P((D29:D32)/D35)*100} -> 27.067409 | E37: {=_xlfn.STDEV.P((E29:E32)/E35)*100} -> 17.928748 | F37: {=_xlfn.STDEV.P((F29:F32)/F35)*100} -> 63.131188 | G37: {=_xlfn.STDEV.P((G29:G32)/G35)*100} -> 0.56693408 | H37: {=_xlfn.STDEV.P((H29:H32)/H35)*100} -> 0.42085313 | I37: {=_xlfn.STDEV.P((I29:I32)/I35)*100} -> 5.4359912

Sheet Supplementary Data 4_Cpx LA
A1: Supplementary Data 4. Single spot analysis of clinopyroxene LA-ICP-MS trace element composition from this work. An helper column is available both here and in SDT2 to match EMPA with LA-ICP-MS data on the same spot. BDL: Below Detection Limit
A3: Helper columns | C3: General information | J3: LA-ICP-MS clinopyroxene trace element composition | AV3: LA-ICP-MS clinopyroxene trace element uncertanties
